sucursal,operating_date,day_name,closing_time,captured_time,week_number,pdv_txn_id,order_id,order_type,order_subtype,table_number,party_size,server,terminal,capture_terminal,action,item,modifier,group_type,group,description,is_modifier,quantity,unit_price,unit_price_with_mods,cost_actual,cost_with_mods,cost_ideal,discount,subtotal_ticket,iva_ticket,ieps_ticket,total_ticket,subtotal_item,iva_item,ieps_item,total_item,subtotal_cortesia_cancel,iva_cortesia_cancel,ieps_cortesia_cancel,total_cortesia_cancel,subtotal_anulacion,iva_anulacion,ieps_anulacion,total_anulacion,clave_platillo
Panem - Credi Club,2025-12-29,lunes,2025-12-29 08:05:09.240000,2025-12-29 08:03:18.133000,1,12146,1,Para llevar,'-,,1,PRUEBAS,SERVER1,SERVER1,Venta,OREJA NATURAL,,Alimentos,PAN DULCE,OREJA NATURAL,False,1.0,45.0,45.0,0.0,0.0,0.0,0.0,80.46,6.21,3.33,90.0,41.6667,0.0,3.3333,45.0,,,,,,,,,PD009
Panem - Credi Club,2025-12-29,lunes,2025-12-29 08:05:09.240000,2025-12-29 08:03:30.367000,1,12146,1,Para llevar,'-,,1,PRUEBAS,SERVER1,SERVER1,Venta,COCA COLA,,Alimentos,JUGOS Y BEBIDAS FRIAS,"COCA COLA, SIN AZÚCAR",False,1.0,45.0,45.0,0.0,0.0,0.0,0.0,80.46,6.21,3.33,90.0,38.7931,6.2069,0.0,45.0,,,,,,,,,JBF013
Panem - Credi Club,2025-12-29,lunes,2025-12-29 08:05:09.240000,2025-12-29 08:03:31.773000,1,12146,1,Para llevar,'-,,1,PRUEBAS,SERVER1,SERVER1,Venta,COCA COLA,SIN AZÚCAR,Alimentos,MOD BEBIDAS,SIN AZÚCAR,True,1.0,0.0,0.0,0.0,0.0,0.0,0.0,80.46,6.21,3.33,90.0,0.0,0.0,0.0,0.0,,,,,,,,,MB100
Panem - Credi Club,2025-12-29,lunes,2025-12-29 08:20:12.860000,2025-12-29 08:17:29.183000,1,12147,2,Para llevar,'-,,1,PRUEBAS,SERVER1,SERVER1,Venta,MOCHA EN LAS ROCAS,,Alimentos,JUGOS Y BEBIDAS FRIAS,"MOCHA EN LAS ROCAS, LECHE DESLACTOSADA LIGHT",False,1.0,85.0,85.0,0.0,0.0,0.0,0.0,150.86,24.14,0.0,175.0,73.2759,11.7241,0.0,85.0,,,,,,,,,JBF022
Panem - Credi Club,2025-12-29,lunes,2025-12-29 08:20:12.860000,2025-12-29 08:17:33.137000,1,12147,2,Para llevar,'-,,1,PRUEBAS,SERVER1,SERVER1,Venta,MOCHA EN LAS ROCAS,LECHE DESLACTOSADA LIGHT,Alimentos,MOD BEBIDAS,LECHE DESLACTOSADA LIGHT,True,1.0,0.0,0.0,0.0,0.0,0.0,0.0,150.86,24.14,0.0,175.0,0.0,0.0,0.0,0.0,,,,,,,,,MB006
Panem - Credi Club,2025-12-29,lunes,2025-12-29 08:20:12.860000,2025-12-29 08:17:58.450000,1,12147,2,Para llevar,'-,,1,PRUEBAS,SERVER1,SERVER1,Venta,MOCHA 16OZ,,Alimentos,CAFE Y BEBIDAS CALIENTES,"MOCHA 16OZ, LECHE DESLACTOSADA LIGHT",False,1.0,90.0,90.0,0.0,0.0,0.0,0.0,150.86,24.14,0.0,175.0,77.5862,12.4138,0.0,90.0,,,,,,,,,CBC007
Panem - Credi Club,2025-12-29,lunes,2025-12-29 08:20:12.860000,2025-12-29 08:18:02.293000,1,12147,2,Para llevar,'-,,1,PRUEBAS,SERVER1,SERVER1,Venta,MOCHA 16OZ,LECHE DESLACTOSADA LIGHT,Alimentos,MOD BEBIDAS,LECHE DESLACTOSADA LIGHT,True,1.0,0.0,0.0,0.0,0.0,0.0,0.0,150.86,24.14,0.0,175.0,0.0,0.0,0.0,0.0,,,,,,,,,MB006
Panem - Credi Club,2025-12-29,lunes,2025-12-29 08:57:55.740000,2025-12-29 08:49:09.400000,1,12148,3,Para llevar,'-,,1,PRUEBAS,SERVER1,SERVER1,Venta,GARRA DE OSO,,Alimentos,PAN DULCE,"GARRA DE OSO, $75.00 OFF",False,2.0,37.5,37.5,0.0,0.0,0.0,0.0,69.44,0.0,5.56,75.0,69.4444,0.0,5.5556,75.0,,,,,,,,,PD007
Panem - Credi Club,2025-12-29,lunes,2025-12-29 09:11:10.400000,2025-12-29 09:10:12.123000,1,12149,4,Para llevar,'-,,1,PRUEBAS,SERVER1,SERVER1,Venta,CAFE OLLA REFILL,,Alimentos,CAFE Y BEBIDAS CALIENTES,CAFE OLLA REFILL,False,1.0,55.0,55.0,0.0,0.0,0.0,0.0,47.41,7.59,0.0,55.0,47.4138,7.5862,0.0,55.0,,,,,,,,,CBC020
Panem - Credi Club,2025-12-29,lunes,2025-12-29 09:12:34.017000,2025-12-29 09:11:36.923000,1,12150,5,Para llevar,'-,,1,PRUEBAS,SERVER1,SERVER1,Venta,CHEESECAKE DE FRESA,,Alimentos,PRODUCTOS DE TEMPORADA,CHEESECAKE DE FRESA,False,1.0,115.0,115.0,0.0,0.0,0.0,0.0,99.14,15.86,0.0,115.0,99.1379,15.8621,0.0,115.0,,,,,,,,,TEMP004
Panem - Credi Club,2025-12-29,lunes,2025-12-29 09:28:03.587000,2025-12-29 09:27:00.997000,1,12151,6,Para llevar,'-,,1,PRUEBAS,SERVER1,SERVER1,Venta,CHOCOLATE ARTESANAL 16OZ,,Alimentos,CAFE Y BEBIDAS CALIENTES,"CHOCOLATE ARTESANAL 16OZ, LECHE ENTERA",False,1.0,99.0,99.0,0.0,0.0,0.0,0.0,85.34,13.66,0.0,99.0,85.3448,13.6552,0.0,99.0,,,,,,,,,CBC012
Panem - Credi Club,2025-12-29,lunes,2025-12-29 09:28:03.587000,2025-12-29 09:27:02.653000,1,12151,6,Para llevar,'-,,1,PRUEBAS,SERVER1,SERVER1,Venta,CHOCOLATE ARTESANAL 16OZ,LECHE ENTERA,Alimentos,MOD BEBIDAS,LECHE ENTERA,True,1.0,0.0,0.0,0.0,0.0,0.0,0.0,85.34,13.66,0.0,99.0,0.0,0.0,0.0,0.0,,,,,,,,,MB005
Panem - Credi Club,2025-12-29,lunes,2025-12-29 09:28:59.903000,2025-12-29 09:28:34.607000,1,12152,7,Para llevar,'-,,1,PRUEBAS,SERVER1,SERVER1,Venta,LATTE 16OZ,,Alimentos,CAFE Y BEBIDAS CALIENTES,"LATTE 16OZ, LECHE ENTERA",False,1.0,90.0,90.0,0.0,0.0,0.0,0.0,77.59,12.41,0.0,90.0,77.5862,12.4138,0.0,90.0,,,,,,,,,CBC005
Panem - Credi Club,2025-12-29,lunes,2025-12-29 09:28:59.903000,2025-12-29 09:28:35.577000,1,12152,7,Para llevar,'-,,1,PRUEBAS,SERVER1,SERVER1,Venta,LATTE 16OZ,LECHE ENTERA,Alimentos,MOD BEBIDAS,LECHE ENTERA,True,1.0,0.0,0.0,0.0,0.0,0.0,0.0,77.59,12.41,0.0,90.0,0.0,0.0,0.0,0.0,,,,,,,,,MB005
Panem - Credi Club,2025-12-29,lunes,2025-12-29 09:41:54.140000,2025-12-29 09:40:26.753000,1,12154,9,Para llevar,'-,,1,PRUEBAS,SERVER1,SERVER1,Venta,CROISSANT DE JAMÓN Y QUESO,,Alimentos,DESAYUNOS,CROISSANT DE JAMÓN Y QUESO,False,1.0,155.0,155.0,0.0,0.0,0.0,0.0,181.03,28.97,0.0,210.0,133.6207,21.3793,0.0,155.0,,,,,,,,,DE009
Panem - Credi Club,2025-12-29,lunes,2025-12-29 09:41:54.140000,2025-12-29 09:40:37.707000,1,12154,9,Para llevar,'-,,1,PRUEBAS,SERVER1,SERVER1,Venta,CAFE OLLA REFILL,,Alimentos,CAFE Y BEBIDAS CALIENTES,CAFE OLLA REFILL,False,1.0,55.0,55.0,0.0,0.0,0.0,0.0,181.03,28.97,0.0,210.0,47.4138,7.5862,0.0,55.0,,,,,,,,,CBC020
Panem - Credi Club,2025-12-29,lunes,2025-12-29 09:46:30.823000,2025-12-29 09:45:01.890000,1,12155,10,Para llevar,'-,,1,PRUEBAS,SERVER1,SERVER1,Venta,CAFE OLLA REFILL,,Alimentos,CAFE Y BEBIDAS CALIENTES,CAFE OLLA REFILL,False,1.0,55.0,55.0,0.0,0.0,0.0,0.0,47.41,7.59,0.0,55.0,47.4138,7.5862,0.0,55.0,,,,,,,,,CBC020
Panem - Credi Club,2025-12-29,lunes,2025-12-29 09:57:10.300000,2025-12-29 09:56:06.777000,1,12156,11,Para llevar,'-,,1,PRUEBAS,SERVER1,SERVER1,Venta,CAFE REFILL,,Alimentos,CAFE Y BEBIDAS CALIENTES,"CAFE REFILL, REGULAR",False,1.0,55.0,55.0,0.0,0.0,0.0,0.0,71.49,7.59,1.92,81.0,47.4138,7.5862,0.0,55.0,,,,,,,,,CBC001
Panem - Credi Club,2025-12-29,lunes,2025-12-29 09:57:10.300000,2025-12-29 09:56:07.667000,1,12156,11,Para llevar,'-,,1,PRUEBAS,SERVER1,SERVER1,Venta,CAFE REFILL,REGULAR,Alimentos,MOD BEBIDAS,REGULAR,True,1.0,0.0,0.0,0.0,0.0,0.0,0.0,71.49,7.59,1.92,81.0,0.0,0.0,0.0,0.0,,,,,,,,,MB002
Panem - Credi Club,2025-12-29,lunes,2025-12-29 09:57:10.300000,2025-12-29 09:56:10.917000,1,12156,11,Para llevar,'-,,1,PRUEBAS,SERVER1,SERVER1,Venta,CONCHA VAINILLA,,Alimentos,PAN DULCE,CONCHA VAINILLA,False,1.0,26.0,26.0,0.0,0.0,0.0,0.0,71.49,7.59,1.92,81.0,24.0741,0.0,1.9259,26.0,,,,,,,,,PD001
Panem - Credi Club,2025-12-29,lunes,2025-12-29 10:12:26.450000,2025-12-29 10:09:52.020000,1,12157,12,Para llevar,'-,,1,PRUEBAS,SERVER1,SERVER1,Venta,CAFE OLLA REFILL,,Alimentos,CAFE Y BEBIDAS CALIENTES,CAFE OLLA REFILL,False,1.0,55.0,55.0,0.0,0.0,0.0,0.0,153.38,20.69,1.93,176.0,47.4138,7.5862,0.0,55.0,,,,,,,,,CBC020
Panem - Credi Club,2025-12-29,lunes,2025-12-29 10:12:26.450000,2025-12-29 10:10:07.817000,1,12157,12,Para llevar,'-,,1,PRUEBAS,SERVER1,SERVER1,Venta,CONCHA VAINILLA,,Alimentos,PAN DULCE,CONCHA VAINILLA,False,1.0,26.0,26.0,0.0,0.0,0.0,0.0,153.38,20.69,1.93,176.0,24.0741,0.0,1.9259,26.0,,,,,,,,,PD001
Panem - Credi Club,2025-12-29,lunes,2025-12-29 10:12:26.450000,2025-12-29 10:10:21.313000,1,12157,12,Para llevar,'-,,1,PRUEBAS,SERVER1,SERVER1,Venta,CAPUCCINO EN LAS ROCAS,,Alimentos,JUGOS Y BEBIDAS FRIAS,"CAPUCCINO EN LAS ROCAS, LECHE DESLACTOSADA LIGHT, CARAMELO SUGAR FREE",False,1.0,85.0,95.0,0.0,0.0,0.0,0.0,153.38,20.69,1.93,176.0,81.8966,13.1034,0.0,95.0,,,,,,,,,JBF021
Panem - Credi Club,2025-12-29,lunes,2025-12-29 10:12:26.450000,2025-12-29 10:10:26.753000,1,12157,12,Para llevar,'-,,1,PRUEBAS,SERVER1,SERVER1,Venta,CAPUCCINO EN LAS ROCAS,LECHE DESLACTOSADA LIGHT,Alimentos,MOD BEBIDAS,LECHE DESLACTOSADA LIGHT,True,1.0,0.0,0.0,0.0,0.0,0.0,0.0,153.38,20.69,1.93,176.0,0.0,0.0,0.0,0.0,,,,,,,,,MB006
Panem - Credi Club,2025-12-29,lunes,2025-12-29 10:12:26.450000,2025-12-29 10:11:00.123000,1,12157,12,Para llevar,'-,,1,PRUEBAS,SERVER1,SERVER1,Venta,CAPUCCINO EN LAS ROCAS,CARAMELO SUGAR FREE,Alimentos,MOD BEBIDAS,CARAMELO SUGAR FREE,True,1.0,10.0,0.0,0.0,0.0,0.0,0.0,153.38,20.69,1.93,176.0,8.6207,1.3793,0.0,10.0,,,,,,,,,MA014
Panem - Credi Club,2025-12-29,lunes,2025-12-29 10:20:57.337000,2025-12-29 10:18:28.397000,1,12158,13,Para llevar,'-,,1,PRUEBAS,SERVER1,SERVER1,Venta,MUFFIN PLATANO VEGANO,,Alimentos,PAN DULCE,MUFFIN PLATANO VEGANO,False,1.0,65.0,65.0,0.0,0.0,0.0,0.0,107.6,7.59,4.81,120.0,60.1852,0.0,4.8148,65.0,,,,,,,,,PD021
Panem - Credi Club,2025-12-29,lunes,2025-12-29 10:20:57.337000,2025-12-29 10:18:39.507000,1,12158,13,Para llevar,'-,,1,PRUEBAS,SERVER1,SERVER1,Venta,CAFE REFILL,,Alimentos,CAFE Y BEBIDAS CALIENTES,"CAFE REFILL, REGULAR",False,1.0,55.0,55.0,0.0,0.0,0.0,0.0,107.6,7.59,4.81,120.0,47.4138,7.5862,0.0,55.0,,,,,,,,,CBC001
Panem - Credi Club,2025-12-29,lunes,2025-12-29 10:20:57.337000,2025-12-29 10:18:42.710000,1,12158,13,Para llevar,'-,,1,PRUEBAS,SERVER1,SERVER1,Venta,CAFE REFILL,REGULAR,Alimentos,MOD BEBIDAS,REGULAR,True,1.0,0.0,0.0,0.0,0.0,0.0,0.0,107.6,7.59,4.81,120.0,0.0,0.0,0.0,0.0,,,,,,,,,MB002
Panem - Credi Club,2025-12-29,lunes,2025-12-29 10:26:19.057000,2025-12-29 10:23:25.600000,1,12159,14,Para llevar,'-,,1,PRUEBAS,SERVER1,SERVER1,Venta,MUFFIN BLUEBERRY,,Alimentos,PAN DULCE,MUFFIN BLUEBERRY,False,1.0,65.0,65.0,0.0,0.0,0.0,0.0,60.19,0.0,4.81,65.0,60.1852,0.0,4.8148,65.0,,,,,,,,,PD014
Panem - Credi Club,2025-12-29,lunes,2025-12-29 10:59:56.983000,2025-12-29 10:57:00.810000,1,12160,15,Para llevar,'-,,1,PRUEBAS,SERVER1,SERVER1,Venta,CAFE OLLA REFILL,,Alimentos,CAFE Y BEBIDAS CALIENTES,CAFE OLLA REFILL,False,1.0,55.0,55.0,0.0,0.0,0.0,0.0,277.3,31.03,6.67,315.0,47.4138,7.5862,0.0,55.0,,,,,,,,,CBC020
Panem - Credi Club,2025-12-29,lunes,2025-12-29 10:59:56.983000,2025-12-29 10:57:04.310000,1,12160,15,Para llevar,'-,,1,PRUEBAS,SERVER1,SERVER1,Venta,CAFE OLLA REFILL,,Alimentos,CAFE Y BEBIDAS CALIENTES,CAFE OLLA REFILL,False,1.0,55.0,55.0,0.0,0.0,0.0,0.0,277.3,31.03,6.67,315.0,47.4138,7.5862,0.0,55.0,,,,,,,,,CBC020
Panem - Credi Club,2025-12-29,lunes,2025-12-29 10:59:56.983000,2025-12-29 10:57:19.107000,1,12160,15,Para llevar,'-,,1,PRUEBAS,SERVER1,SERVER1,Venta,CHEESECAKE DE FRESA,,Alimentos,PRODUCTOS DE TEMPORADA,CHEESECAKE DE FRESA,False,1.0,115.0,115.0,0.0,0.0,0.0,0.0,277.3,31.03,6.67,315.0,99.1379,15.8621,0.0,115.0,,,,,,,,,TEMP004
Panem - Credi Club,2025-12-29,lunes,2025-12-29 10:59:56.983000,2025-12-29 10:58:02.840000,1,12160,15,Para llevar,'-,,1,PRUEBAS,SERVER1,SERVER1,Venta,TARTALETA DE NUEZ,,Alimentos,REPOSTERIA,TARTALETA DE NUEZ,False,1.0,90.0,90.0,0.0,0.0,0.0,0.0,277.3,31.03,6.67,315.0,83.3333,0.0,6.6667,90.0,,,,,,,,,RE006
Panem - Credi Club,2025-12-29,lunes,2025-12-29 11:01:29.780000,2025-12-29 11:00:30.800000,1,12161,16,Para llevar,'-,,1,PRUEBAS,SERVER1,SERVER1,Venta,CAFE REFILL,,Alimentos,CAFE Y BEBIDAS CALIENTES,"CAFE REFILL, REGULAR",False,1.0,55.0,55.0,0.0,0.0,0.0,0.0,47.41,7.59,0.0,55.0,47.4138,7.5862,0.0,55.0,,,,,,,,,CBC001
Panem - Credi Club,2025-12-29,lunes,2025-12-29 11:01:29.780000,2025-12-29 11:00:38.877000,1,12161,16,Para llevar,'-,,1,PRUEBAS,SERVER1,SERVER1,Venta,CAFE REFILL,REGULAR,Alimentos,MOD BEBIDAS,REGULAR,True,1.0,0.0,0.0,0.0,0.0,0.0,0.0,47.41,7.59,0.0,55.0,0.0,0.0,0.0,0.0,,,,,,,,,MB002
Panem - Credi Club,2025-12-29,lunes,2025-12-29 11:13:16.890000,2025-12-29 11:11:18.047000,1,12162,17,Para llevar,'-,,1,PRUEBAS,SERVER1,SERVER1,Venta,MATCHA LATTE 16OZ,,Alimentos,CAFE Y BEBIDAS CALIENTES,"MATCHA LATTE 16OZ, LECHE DESLACTOSADA LIGHT",False,1.0,99.0,99.0,0.0,0.0,0.0,0.0,85.34,13.66,0.0,99.0,85.3448,13.6552,0.0,99.0,,,,,,,,,CBC016
Panem - Credi Club,2025-12-29,lunes,2025-12-29 11:13:16.890000,2025-12-29 11:11:25.250000,1,12162,17,Para llevar,'-,,1,PRUEBAS,SERVER1,SERVER1,Venta,MATCHA LATTE 16OZ,LECHE DESLACTOSADA LIGHT,Alimentos,MOD BEBIDAS,LECHE DESLACTOSADA LIGHT,True,1.0,0.0,0.0,0.0,0.0,0.0,0.0,85.34,13.66,0.0,99.0,0.0,0.0,0.0,0.0,,,,,,,,,MB006
Panem - Credi Club,2025-12-29,lunes,2025-12-29 11:59:18.020000,2025-12-29 11:57:46.223000,1,12163,18,Para llevar,'-,,1,PRUEBAS,SERVER1,SERVER1,Venta,COCA COLA,,Alimentos,JUGOS Y BEBIDAS FRIAS,"COCA COLA, REGULAR",False,1.0,45.0,45.0,0.0,0.0,0.0,0.0,331.64,45.66,3.7,381.0,38.7931,6.2069,0.0,45.0,,,,,,,,,JBF013
Panem - Credi Club,2025-12-29,lunes,2025-12-29 11:59:18.020000,2025-12-29 11:57:49.617000,1,12163,18,Para llevar,'-,,1,PRUEBAS,SERVER1,SERVER1,Venta,COCA COLA,REGULAR,Alimentos,MOD BEBIDAS,REGULAR,True,1.0,0.0,0.0,0.0,0.0,0.0,0.0,331.64,45.66,3.7,381.0,0.0,0.0,0.0,0.0,,,,,,,,,MB002
Panem - Credi Club,2025-12-29,lunes,2025-12-29 11:59:18.020000,2025-12-29 11:57:55.817000,1,12163,18,Para llevar,'-,,1,PRUEBAS,SERVER1,SERVER1,Venta,LATTE 16OZ,,Alimentos,CAFE Y BEBIDAS CALIENTES,"LATTE 16OZ, LECHE ENTERA",False,1.0,90.0,90.0,0.0,0.0,0.0,0.0,331.64,45.66,3.7,381.0,77.5862,12.4138,0.0,90.0,,,,,,,,,CBC005
Panem - Credi Club,2025-12-29,lunes,2025-12-29 11:59:18.020000,2025-12-29 11:58:04.253000,1,12163,18,Para llevar,'-,,1,PRUEBAS,SERVER1,SERVER1,Venta,LATTE 16OZ,LECHE ENTERA,Alimentos,MOD BEBIDAS,LECHE ENTERA,True,1.0,0.0,0.0,0.0,0.0,0.0,0.0,331.64,45.66,3.7,381.0,0.0,0.0,0.0,0.0,,,,,,,,,MB005
Panem - Credi Club,2025-12-29,lunes,2025-12-29 11:59:18.020000,2025-12-29 11:58:13.193000,1,12163,18,Para llevar,'-,,1,PRUEBAS,SERVER1,SERVER1,Venta,ENCHILADAS SUIZAS,,Alimentos,DESAYUNOS,ENCHILADAS SUIZAS,False,1.0,196.0,196.0,0.0,0.0,0.0,0.0,331.64,45.66,3.7,381.0,168.9655,27.0345,0.0,196.0,,,,,,,,,DE006
Panem - Credi Club,2025-12-29,lunes,2025-12-29 11:59:18.020000,2025-12-29 11:58:30.940000,1,12163,18,Para llevar,'-,,1,PRUEBAS,SERVER1,SERVER1,Venta,CROISSANT NATURAL,,Alimentos,PAN DULCE,CROISSANT NATURAL,False,1.0,50.0,50.0,0.0,0.0,0.0,0.0,331.64,45.66,3.7,381.0,46.2963,0.0,3.7037,50.0,,,,,,,,,PD003
Panem - Credi Club,2025-12-29,lunes,2025-12-29 12:16:58.517000,2025-12-29 12:15:18.357000,1,12164,19,Para llevar,'-,,1,PRUEBAS,SERVER1,SERVER1,Venta,LATTE 16OZ,,Alimentos,CAFE Y BEBIDAS CALIENTES,"LATTE 16OZ, LECHE DESLACTOSADA LIGHT",False,1.0,90.0,90.0,0.0,0.0,0.0,0.0,101.66,12.41,1.93,116.0,77.5862,12.4138,0.0,90.0,,,,,,,,,CBC005
Panem - Credi Club,2025-12-29,lunes,2025-12-29 12:16:58.517000,2025-12-29 12:15:24.963000,1,12164,19,Para llevar,'-,,1,PRUEBAS,SERVER1,SERVER1,Venta,LATTE 16OZ,LECHE DESLACTOSADA LIGHT,Alimentos,MOD BEBIDAS,LECHE DESLACTOSADA LIGHT,True,1.0,0.0,0.0,0.0,0.0,0.0,0.0,101.66,12.41,1.93,116.0,0.0,0.0,0.0,0.0,,,,,,,,,MB006
Panem - Credi Club,2025-12-29,lunes,2025-12-29 12:16:58.517000,2025-12-29 12:15:35.167000,1,12164,19,Para llevar,'-,,1,PRUEBAS,SERVER1,SERVER1,Venta,CONCHA CHOCOLATE,,Alimentos,PAN DULCE,CONCHA CHOCOLATE,False,1.0,26.0,26.0,0.0,0.0,0.0,0.0,101.66,12.41,1.93,116.0,24.0741,0.0,1.9259,26.0,,,,,,,,,PD020
Panem - Credi Club,2025-12-29,lunes,2025-12-29 12:19:15.540000,2025-12-29 12:17:43.457000,1,12165,20,Para llevar,'-,,1,PRUEBAS,SERVER1,SERVER1,Venta,CHALLAH RAPPI,,Rappi,RAPPI PAN SALADO,CHALLAH RAPPI,False,1.0,115.0,115.0,0.0,0.0,0.0,0.0,553.79,70.21,0.0,624.0,115.0,0.0,0.0,115.0,,,,,,,,,RPS001
Panem - Credi Club,2025-12-29,lunes,2025-12-29 12:19:15.540000,2025-12-29 12:18:13.487000,1,12165,20,Para llevar,'-,,1,PRUEBAS,SERVER1,SERVER1,Venta,PAPAS GAJO RAPPI,,Rappi,RAPPI COMIDAS,PAPAS GAJO RAPPI,False,1.0,69.0,69.0,0.0,0.0,0.0,0.0,553.79,70.21,0.0,624.0,59.4828,9.5172,0.0,69.0,,,,,,,,,RC012
Panem - Credi Club,2025-12-29,lunes,2025-12-29 12:19:15.540000,2025-12-29 12:18:26.610000,1,12165,20,Para llevar,'-,,1,PRUEBAS,SERVER1,SERVER1,Venta,SOPA TOMATE RAPPI,,Rappi,RAPPI COMIDAS,SOPA TOMATE RAPPI,False,1.0,158.0,158.0,0.0,0.0,0.0,0.0,553.79,70.21,0.0,624.0,136.2069,21.7931,0.0,158.0,,,,,,,,,RC004
Panem - Credi Club,2025-12-29,lunes,2025-12-29 12:19:15.540000,2025-12-29 12:18:37.627000,1,12165,20,Para llevar,'-,,1,PRUEBAS,SERVER1,SERVER1,Venta,PIZZA 5 QUESOS RAPPI,,Rappi,RAPPI PIZZA,PIZZA 5 QUESOS RAPPI,False,1.0,282.0,282.0,0.0,0.0,0.0,0.0,553.79,70.21,0.0,624.0,243.1034,38.8966,0.0,282.0,,,,,,,,,RP006
Panem - Credi Club,2025-12-29,lunes,2025-12-29 13:11:25.040000,2025-12-29 13:10:19.710000,1,12166,21,Para llevar,'-,,1,PRUEBAS,SERVER1,SERVER1,Venta,CAFE REFILL,,Alimentos,CAFE Y BEBIDAS CALIENTES,"CAFE REFILL, REGULAR",False,1.0,55.0,55.0,0.0,0.0,0.0,0.0,47.41,7.59,0.0,55.0,47.4138,7.5862,0.0,55.0,,,,,,,,,CBC001
Panem - Credi Club,2025-12-29,lunes,2025-12-29 13:11:25.040000,2025-12-29 13:10:21.723000,1,12166,21,Para llevar,'-,,1,PRUEBAS,SERVER1,SERVER1,Venta,CAFE REFILL,REGULAR,Alimentos,MOD BEBIDAS,REGULAR,True,1.0,0.0,0.0,0.0,0.0,0.0,0.0,47.41,7.59,0.0,55.0,0.0,0.0,0.0,0.0,,,,,,,,,MB002
Panem - Credi Club,2025-12-29,lunes,2025-12-29 13:20:47.067000,2025-12-29 13:19:28.993000,1,12167,22,Para llevar,'-,,1,PRUEBAS,SERVER1,SERVER1,Venta,LATTE 16OZ,,Alimentos,CAFE Y BEBIDAS CALIENTES,"LATTE 16OZ, LECHE DESLACTOSADA LIGHT",False,1.0,90.0,90.0,0.0,0.0,0.0,0.0,179.25,24.83,1.92,206.0,77.5862,12.4138,0.0,90.0,,,,,,,,,CBC005
Panem - Credi Club,2025-12-29,lunes,2025-12-29 13:20:47.067000,2025-12-29 13:19:42.990000,1,12167,22,Para llevar,'-,,1,PRUEBAS,SERVER1,SERVER1,Venta,LATTE 16OZ,LECHE DESLACTOSADA LIGHT,Alimentos,MOD BEBIDAS,LECHE DESLACTOSADA LIGHT,True,1.0,0.0,0.0,0.0,0.0,0.0,0.0,179.25,24.83,1.92,206.0,0.0,0.0,0.0,0.0,,,,,,,,,MB006
Panem - Credi Club,2025-12-29,lunes,2025-12-29 13:20:47.067000,2025-12-29 13:19:46.897000,1,12167,22,Para llevar,'-,,1,PRUEBAS,SERVER1,SERVER1,Venta,LATTE 16OZ,,Alimentos,CAFE Y BEBIDAS CALIENTES,"LATTE 16OZ, LECHE DESLACTOSADA LIGHT",False,1.0,90.0,90.0,0.0,0.0,0.0,0.0,179.25,24.83,1.92,206.0,77.5862,12.4138,0.0,90.0,,,,,,,,,CBC005
Panem - Credi Club,2025-12-29,lunes,2025-12-29 13:20:47.067000,2025-12-29 13:19:47.883000,1,12167,22,Para llevar,'-,,1,PRUEBAS,SERVER1,SERVER1,Venta,LATTE 16OZ,LECHE DESLACTOSADA LIGHT,Alimentos,MOD BEBIDAS,LECHE DESLACTOSADA LIGHT,True,1.0,0.0,0.0,0.0,0.0,0.0,0.0,179.25,24.83,1.92,206.0,0.0,0.0,0.0,0.0,,,,,,,,,MB006
Panem - Credi Club,2025-12-29,lunes,2025-12-29 13:20:47.067000,2025-12-29 13:19:58.523000,1,12167,22,Para llevar,'-,,1,PRUEBAS,SERVER1,SERVER1,Venta,CONCHA CHOCOLATE,,Alimentos,PAN DULCE,CONCHA CHOCOLATE,False,1.0,26.0,26.0,0.0,0.0,0.0,0.0,179.25,24.83,1.92,206.0,24.0741,0.0,1.9259,26.0,,,,,,,,,PD020
Panem - Credi Club,2025-12-29,lunes,2025-12-29 14:01:24.880000,2025-12-29 14:01:06.717000,1,12168,23,Para llevar,'-,,1,PRUEBAS,SERVER1,SERVER1,Venta,CAFE OLLA REFILL,,Alimentos,CAFE Y BEBIDAS CALIENTES,CAFE OLLA REFILL,False,1.0,55.0,55.0,0.0,0.0,0.0,0.0,47.41,7.59,0.0,55.0,47.4138,7.5862,0.0,55.0,,,,,,,,,CBC020
Panem - Credi Club,2025-12-29,lunes,2025-12-29 14:12:28.740000,2025-12-29 14:11:43.887000,1,12169,24,Para llevar,'-,,1,PRUEBAS,SERVER1,SERVER1,Venta,MUFFIN PLATANO VEGANO,,Alimentos,PAN DULCE,MUFFIN PLATANO VEGANO,False,1.0,65.0,65.0,0.0,0.0,0.0,0.0,60.19,0.0,4.81,65.0,60.1852,0.0,4.8148,65.0,,,,,,,,,PD021
Panem - Credi Club,2025-12-29,lunes,2025-12-29 14:13:33.060000,2025-12-29 14:12:48.580000,1,12170,25,Para llevar,'-,,1,PRUEBAS,SERVER1,SERVER1,Venta,MUFFIN BLUEBERRY,,Alimentos,PAN DULCE,MUFFIN BLUEBERRY,False,1.0,65.0,65.0,0.0,0.0,0.0,0.0,60.19,0.0,4.81,65.0,60.1852,0.0,4.8148,65.0,,,,,,,,,PD014
Panem - Credi Club,2025-12-29,lunes,2025-12-29 14:46:16.290000,2025-12-29 14:45:25.703000,1,12171,26,Para llevar,'-,,1,PRUEBAS,SERVER1,SERVER1,Venta,MATCHA LATTE 16OZ,,Alimentos,CAFE Y BEBIDAS CALIENTES,"MATCHA LATTE 16OZ, LECHE ENTERA",False,1.0,99.0,99.0,0.0,0.0,0.0,0.0,85.34,13.66,0.0,99.0,85.3448,13.6552,0.0,99.0,,,,,,,,,CBC016
Panem - Credi Club,2025-12-29,lunes,2025-12-29 14:46:16.290000,2025-12-29 14:45:29.937000,1,12171,26,Para llevar,'-,,1,PRUEBAS,SERVER1,SERVER1,Venta,MATCHA LATTE 16OZ,LECHE ENTERA,Alimentos,MOD BEBIDAS,LECHE ENTERA,True,1.0,0.0,0.0,0.0,0.0,0.0,0.0,85.34,13.66,0.0,99.0,0.0,0.0,0.0,0.0,,,,,,,,,MB005
Panem - Credi Club,2025-12-29,lunes,2025-12-29 14:58:04.800000,2025-12-29 14:56:37.963000,1,12172,27,Para llevar,'-,,1,PRUEBAS,SERVER1,SERVER1,Venta,ENCHILADAS SUIZAS,,Alimentos,DESAYUNOS,ENCHILADAS SUIZAS,False,1.0,196.0,196.0,0.0,0.0,0.0,0.0,509.48,81.52,0.0,591.0,168.9655,27.0345,0.0,196.0,,,,,,,,,DE006
Panem - Credi Club,2025-12-29,lunes,2025-12-29 14:58:04.800000,2025-12-29 14:56:47.447000,1,12172,27,Para llevar,'-,,1,PRUEBAS,SERVER1,SERVER1,Venta,ENCHILADAS SUIZAS,,Alimentos,DESAYUNOS,ENCHILADAS SUIZAS,False,1.0,196.0,196.0,0.0,0.0,0.0,0.0,509.48,81.52,0.0,591.0,168.9655,27.0345,0.0,196.0,,,,,,,,,DE006
Panem - Credi Club,2025-12-29,lunes,2025-12-29 14:58:04.800000,2025-12-29 14:56:56.510000,1,12172,27,Para llevar,'-,,1,PRUEBAS,SERVER1,SERVER1,Venta,CHAI LATTE 16OZ,,Alimentos,CAFE Y BEBIDAS CALIENTES,"CHAI LATTE 16OZ, LECHE DESLACTOSADA LIGHT",False,1.0,109.0,109.0,0.0,0.0,0.0,0.0,509.48,81.52,0.0,591.0,93.9655,15.0345,0.0,109.0,,,,,,,,,CBC015
Panem - Credi Club,2025-12-29,lunes,2025-12-29 14:58:04.800000,2025-12-29 14:57:01.103000,1,12172,27,Para llevar,'-,,1,PRUEBAS,SERVER1,SERVER1,Venta,CHAI LATTE 16OZ,LECHE DESLACTOSADA LIGHT,Alimentos,MOD BEBIDAS,LECHE DESLACTOSADA LIGHT,True,1.0,0.0,0.0,0.0,0.0,0.0,0.0,509.48,81.52,0.0,591.0,0.0,0.0,0.0,0.0,,,,,,,,,MB006
Panem - Credi Club,2025-12-29,lunes,2025-12-29 14:58:04.800000,2025-12-29 14:57:07.413000,1,12172,27,Para llevar,'-,,1,PRUEBAS,SERVER1,SERVER1,Venta,LATTE 16OZ,,Alimentos,CAFE Y BEBIDAS CALIENTES,"LATTE 16OZ, LECHE DESLACTOSADA LIGHT",False,1.0,90.0,90.0,0.0,0.0,0.0,0.0,509.48,81.52,0.0,591.0,77.5862,12.4138,0.0,90.0,,,,,,,,,CBC005
Panem - Credi Club,2025-12-29,lunes,2025-12-29 14:58:04.800000,2025-12-29 14:57:09.087000,1,12172,27,Para llevar,'-,,1,PRUEBAS,SERVER1,SERVER1,Venta,LATTE 16OZ,LECHE DESLACTOSADA LIGHT,Alimentos,MOD BEBIDAS,LECHE DESLACTOSADA LIGHT,True,1.0,0.0,0.0,0.0,0.0,0.0,0.0,509.48,81.52,0.0,591.0,0.0,0.0,0.0,0.0,,,,,,,,,MB006
Panem - Credi Club,2025-12-29,lunes,2025-12-29 16:12:03.307000,2025-12-29 16:11:04.710000,1,12173,28,Para llevar,'-,,1,PRUEBAS,SERVER1,SERVER1,Venta,OREO FRAPPE,,Alimentos,JUGOS Y BEBIDAS FRIAS,"OREO FRAPPE, LECHE DESLACTOSADA LIGHT",False,1.0,80.0,80.0,0.0,0.0,0.0,0.0,68.97,11.03,0.0,80.0,68.9655,11.0345,0.0,80.0,,,,,,,,,JBF004
Panem - Credi Club,2025-12-29,lunes,2025-12-29 16:12:03.307000,2025-12-29 16:11:10.273000,1,12173,28,Para llevar,'-,,1,PRUEBAS,SERVER1,SERVER1,Venta,OREO FRAPPE,LECHE DESLACTOSADA LIGHT,Alimentos,MOD BEBIDAS,LECHE DESLACTOSADA LIGHT,True,1.0,0.0,0.0,0.0,0.0,0.0,0.0,68.97,11.03,0.0,80.0,0.0,0.0,0.0,0.0,,,,,,,,,MB006
Panem - Credi Club,2025-12-29,lunes,2025-12-29 16:25:32.377000,2025-12-29 16:24:34.603000,1,12174,29,Restaurant,'-,1,1,PRUEBAS,SERVER1,SERVER1,Cortesía de platillo,CONCHA CHOCOLATE,,Alimentos,PAN DULCE,CAJA DE CONCHAS CARMEN,False,5.0,26.0,26.0,0.0,0.0,0.0,0.0,0.0,0.0,0.0,0.0,0.0,0.0,0.0,0.0,120.37,0.0,0.0,130.0,,,,,PD020
Panem - Credi Club,2025-12-29,lunes,2025-12-29 16:25:32.377000,2025-12-29 16:24:40.400000,1,12174,29,Restaurant,'-,1,1,PRUEBAS,SERVER1,SERVER1,Cortesía de platillo,CONCHA VAINILLA,,Alimentos,PAN DULCE,CAJA DE CONCHAS CARMEN,False,5.0,26.0,26.0,0.0,0.0,0.0,0.0,0.0,0.0,0.0,0.0,0.0,0.0,0.0,0.0,120.37,0.0,0.0,130.0,,,,,PD001
Panem - Credi Club,2025-12-29,lunes,2025-12-29 16:25:32.377000,2025-12-29 16:24:34.603000,1,12174,29,Restaurant,'-,1,1,PRUEBAS,SERVER1,SERVER1,Venta,CONCHA CHOCOLATE,,Alimentos,PAN DULCE,"CONCHA CHOCOLATE, Cortesia",False,5.0,26.0,26.0,0.0,0.0,0.0,0.0,0.0,0.0,0.0,0.0,0.0,0.0,0.0,0.0,,,,,,,,,PD020
Panem - Credi Club,2025-12-29,lunes,2025-12-29 16:25:32.377000,2025-12-29 16:24:40.400000,1,12174,29,Restaurant,'-,1,1,PRUEBAS,SERVER1,SERVER1,Venta,CONCHA VAINILLA,,Alimentos,PAN DULCE,"CONCHA VAINILLA, Cortesia",False,5.0,26.0,26.0,0.0,0.0,0.0,0.0,0.0,0.0,0.0,0.0,0.0,0.0,0.0,0.0,,,,,,,,,PD001
Panem - Credi Club,2025-12-30,martes,2025-12-30 07:09:29.127000,2025-12-30 07:08:59.633000,1,12175,1,Restaurant,'-,1,1,PRUEBAS,SERVER1,SERVER1,Cortesía de platillo,CHOCOLATE ARTESANAL 16OZ,,Alimentos,CAFE Y BEBIDAS CALIENTES,BEBIDA SEMANAL FABIOLA 180,False,1.0,99.0,99.0,0.0,0.0,0.0,0.0,0.0,0.0,0.0,0.0,0.0,0.0,0.0,0.0,85.34,13.66,0.0,99.0,,,,,CBC012
Panem - Credi Club,2025-12-30,martes,2025-12-30 07:09:29.127000,2025-12-30 07:08:59.633000,1,12175,1,Restaurant,'-,1,1,PRUEBAS,SERVER1,SERVER1,Venta,CHOCOLATE ARTESANAL 16OZ,,Alimentos,CAFE Y BEBIDAS CALIENTES,"CHOCOLATE ARTESANAL 16OZ, LECHE DESLACTOSADA LIGHT, Cortesia",False,1.0,99.0,99.0,0.0,0.0,0.0,0.0,0.0,0.0,0.0,0.0,0.0,0.0,0.0,0.0,,,,,,,,,CBC012
Panem - Credi Club,2025-12-30,martes,2025-12-30 07:09:29.127000,2025-12-30 07:09:01.587000,1,12175,1,Restaurant,'-,1,1,PRUEBAS,SERVER1,SERVER1,Venta,CHOCOLATE ARTESANAL 16OZ,LECHE DESLACTOSADA LIGHT,Alimentos,MOD BEBIDAS,LECHE DESLACTOSADA LIGHT,True,1.0,0.0,0.0,0.0,0.0,0.0,0.0,0.0,0.0,0.0,0.0,0.0,0.0,0.0,0.0,,,,,,,,,MB006
Panem - Credi Club,2025-12-30,martes,2025-12-30 09:15:10.897000,2025-12-30 09:13:39.563000,1,12176,3,Restaurant,'-,2,1,PRUEBAS,SERVER1,SERVER1,Venta,CAFE REFILL,,Alimentos,CAFE Y BEBIDAS CALIENTES,"CAFE REFILL, REGULAR",False,1.0,55.0,55.0,0.0,0.0,0.0,0.0,99.14,15.86,0.0,115.0,47.4138,7.5862,0.0,55.0,,,,,,,,,CBC001
Panem - Credi Club,2025-12-30,martes,2025-12-30 09:15:10.897000,2025-12-30 09:13:40.297000,1,12176,3,Restaurant,'-,2,1,PRUEBAS,SERVER1,SERVER1,Venta,CAFE REFILL,REGULAR,Alimentos,MOD BEBIDAS,REGULAR,True,1.0,0.0,0.0,0.0,0.0,0.0,0.0,99.14,15.86,0.0,115.0,0.0,0.0,0.0,0.0,,,,,,,,,MB002
Panem - Credi Club,2025-12-30,martes,2025-12-30 09:15:10.897000,2025-12-30 09:14:18.937000,1,12176,3,Restaurant,'-,2,1,PRUEBAS,SERVER1,SERVER1,Venta,ROSCA REBANADA,,Alimentos,PRODUCTOS DE TEMPORADA,"ROSCA REBANADA, $60.00 OFF",False,2.0,30.0,30.0,0.0,0.0,0.0,0.0,99.14,15.86,0.0,115.0,51.7241,8.2759,0.0,60.0,,,,,,,,,RR100
Panem - Credi Club,2025-12-30,martes,2025-12-30 09:20:17.340000,2025-12-30 09:20:00,1,12178,4,Para llevar,'-,,1,PRUEBAS,SERVER1,,Anulación de platillo,CROISSANT ALMENDRAS,,Alimentos,PAN DULCE,"Borrado de Partida Impresa, ERROR",,2.0,,,,,,,,,,,,,,,,,,,142.5926,0.0,0.0,154.0,PD004
Panem - Credi Club,2025-12-30,martes,2025-12-30 09:20:17.340000,2025-12-30 09:20:04.110000,1,12178,4,Para llevar,'-,,1,PRUEBAS,SERVER1,SERVER1,Venta,CROISSANT ALMENDRAS UBER,,Uber,UBER PAN DULCE,CROISSANT ALMENDRAS UBER,False,2.0,98.0,98.0,0.0,0.0,0.0,0.0,181.48,0.0,14.52,196.0,181.4815,0.0,14.5185,196.0,,,,,,,,,UDP004
Panem - Credi Club,2025-12-30,martes,2025-12-30 09:41:55.880000,2025-12-30 09:41:07.210000,1,12179,5,Para llevar,'-,,1,PRUEBAS,SERVER1,SERVER1,Venta,CONCHA UBER,,Uber,UBER PAN DULCE,"CONCHA UBER, VAINILLA",False,2.0,35.0,35.0,0.0,0.0,0.0,0.0,97.22,0.0,7.78,105.0,64.8148,0.0,5.1852,70.0,,,,,,,,,UDP001
Panem - Credi Club,2025-12-30,martes,2025-12-30 09:41:55.880000,2025-12-30 09:41:08.037000,1,12179,5,Para llevar,'-,,1,PRUEBAS,SERVER1,SERVER1,Venta,CONCHA UBER,VAINILLA,Alimentos,MOD BEBIDAS,VAINILLA,True,2.0,0.0,0.0,0.0,0.0,0.0,0.0,97.22,0.0,7.78,105.0,0.0,0.0,0.0,0.0,,,,,,,,,MA007
Panem - Credi Club,2025-12-30,martes,2025-12-30 09:41:55.880000,2025-12-30 09:41:09.583000,1,12179,5,Para llevar,'-,,1,PRUEBAS,SERVER1,SERVER1,Venta,CONCHA UBER,,Uber,UBER PAN DULCE,"CONCHA UBER, CHOCOLATE",False,1.0,35.0,35.0,0.0,0.0,0.0,0.0,97.22,0.0,7.78,105.0,32.4074,0.0,2.5926,35.0,,,,,,,,,UDP001
Panem - Credi Club,2025-12-30,martes,2025-12-30 09:41:55.880000,2025-12-30 09:41:10.303000,1,12179,5,Para llevar,'-,,1,PRUEBAS,SERVER1,SERVER1,Venta,CONCHA UBER,CHOCOLATE,Alimentos,MOD ALIMENTOS,CHOCOLATE,True,1.0,0.0,0.0,0.0,0.0,0.0,0.0,97.22,0.0,7.78,105.0,0.0,0.0,0.0,0.0,,,,,,,,,MA008
Panem - Credi Club,2025-12-30,martes,2025-12-30 10:08:42.553000,2025-12-30 10:05:03.723000,1,12180,6,Para llevar,'-,,1,PRUEBAS,SERVER1,SERVER1,Venta,CAFE REFILL,,Alimentos,CAFE Y BEBIDAS CALIENTES,"CAFE REFILL, REGULAR",False,1.0,55.0,55.0,0.0,0.0,0.0,0.0,232.76,37.24,0.0,270.0,47.4138,7.5862,0.0,55.0,,,,,,,,,CBC001
Panem - Credi Club,2025-12-30,martes,2025-12-30 10:08:42.553000,2025-12-30 10:05:04.863000,1,12180,6,Para llevar,'-,,1,PRUEBAS,SERVER1,SERVER1,Venta,CAFE REFILL,REGULAR,Alimentos,MOD BEBIDAS,REGULAR,True,1.0,0.0,0.0,0.0,0.0,0.0,0.0,232.76,37.24,0.0,270.0,0.0,0.0,0.0,0.0,,,,,,,,,MB002
Panem - Credi Club,2025-12-30,martes,2025-12-30 10:08:42.553000,2025-12-30 10:05:29.330000,1,12180,6,Para llevar,'-,,1,PRUEBAS,SERVER1,SERVER1,Venta,CAPPUCCINO 16OZ,,Alimentos,CAFE Y BEBIDAS CALIENTES,"CAPPUCCINO 16OZ, LECHE DESLACTOSADA LIGHT, CARAMELO SUGAR FREE",False,1.0,90.0,100.0,0.0,0.0,0.0,0.0,232.76,37.24,0.0,270.0,86.2069,13.7931,0.0,100.0,,,,,,,,,CBC003
Panem - Credi Club,2025-12-30,martes,2025-12-30 10:08:42.553000,2025-12-30 10:05:33.863000,1,12180,6,Para llevar,'-,,1,PRUEBAS,SERVER1,SERVER1,Venta,CAPPUCCINO 16OZ,LECHE DESLACTOSADA LIGHT,Alimentos,MOD BEBIDAS,LECHE DESLACTOSADA LIGHT,True,1.0,0.0,0.0,0.0,0.0,0.0,0.0,232.76,37.24,0.0,270.0,0.0,0.0,0.0,0.0,,,,,,,,,MB006
Panem - Credi Club,2025-12-30,martes,2025-12-30 10:08:42.553000,2025-12-30 10:05:40.283000,1,12180,6,Para llevar,'-,,1,PRUEBAS,SERVER1,SERVER1,Venta,CAPPUCCINO 16OZ,CARAMELO SUGAR FREE,Alimentos,MOD BEBIDAS,CARAMELO SUGAR FREE,True,1.0,10.0,0.0,0.0,0.0,0.0,0.0,232.76,37.24,0.0,270.0,8.6207,1.3793,0.0,10.0,,,,,,,,,MA014
Panem - Credi Club,2025-12-30,martes,2025-12-30 10:08:42.553000,2025-12-30 10:05:54.673000,1,12180,6,Para llevar,'-,,1,PRUEBAS,SERVER1,SERVER1,Venta,CAFE REFILL,,Alimentos,CAFE Y BEBIDAS CALIENTES,"CAFE REFILL, REGULAR",False,1.0,55.0,55.0,0.0,0.0,0.0,0.0,232.76,37.24,0.0,270.0,47.4138,7.5862,0.0,55.0,,,,,,,,,CBC001
Panem - Credi Club,2025-12-30,martes,2025-12-30 10:08:42.553000,2025-12-30 10:05:55.877000,1,12180,6,Para llevar,'-,,1,PRUEBAS,SERVER1,SERVER1,Venta,CAFE REFILL,REGULAR,Alimentos,MOD BEBIDAS,REGULAR,True,1.0,0.0,0.0,0.0,0.0,0.0,0.0,232.76,37.24,0.0,270.0,0.0,0.0,0.0,0.0,,,,,,,,,MB002
Panem - Credi Club,2025-12-30,martes,2025-12-30 10:08:42.553000,2025-12-30 10:06:45.263000,1,12180,6,Para llevar,'-,,1,PRUEBAS,SERVER1,SERVER1,Venta,ROSCA REBANADA,,Alimentos,PRODUCTOS DE TEMPORADA,"ROSCA REBANADA, $30.00 OFF",False,1.0,30.0,30.0,0.0,0.0,0.0,0.0,232.76,37.24,0.0,270.0,25.8621,4.1379,0.0,30.0,,,,,,,,,RR100
Panem - Credi Club,2025-12-30,martes,2025-12-30 10:08:42.553000,2025-12-30 10:06:53.607000,1,12180,6,Para llevar,'-,,1,PRUEBAS,SERVER1,SERVER1,Venta,ROSCA REBANADA,,Alimentos,PRODUCTOS DE TEMPORADA,"ROSCA REBANADA, $30.00 OFF",False,1.0,30.0,30.0,0.0,0.0,0.0,0.0,232.76,37.24,0.0,270.0,25.8621,4.1379,0.0,30.0,,,,,,,,,RR100
Panem - Credi Club,2025-12-30,martes,2025-12-30 10:17:32.673000,2025-12-30 10:17:10.263000,1,12181,7,Restaurant,'-,1,1,PRUEBAS,SERVER1,SERVER1,Venta,CHOCOLATE ARTESANAL 16OZ,,Alimentos,CAFE Y BEBIDAS CALIENTES,"CHOCOLATE ARTESANAL 16OZ, LECHE DESLACTOSADA LIGHT",False,1.0,99.0,99.0,0.0,0.0,0.0,0.0,231.9,37.1,0.0,269.0,85.3448,13.6552,0.0,99.0,,,,,,,,,CBC012
Panem - Credi Club,2025-12-30,martes,2025-12-30 10:17:32.673000,2025-12-30 10:17:11.840000,1,12181,7,Restaurant,'-,1,1,PRUEBAS,SERVER1,SERVER1,Venta,CHOCOLATE ARTESANAL 16OZ,LECHE DESLACTOSADA LIGHT,Alimentos,MOD BEBIDAS,LECHE DESLACTOSADA LIGHT,True,1.0,0.0,0.0,0.0,0.0,0.0,0.0,231.9,37.1,0.0,269.0,0.0,0.0,0.0,0.0,,,,,,,,,MB006
Panem - Credi Club,2025-12-30,martes,2025-12-30 10:17:32.673000,2025-12-30 10:17:18.120000,1,12181,7,Restaurant,'-,1,1,PRUEBAS,SERVER1,SERVER1,Venta,FRENCH TOAST,,Alimentos,DESAYUNOS,FRENCH TOAST,False,1.0,170.0,170.0,0.0,0.0,0.0,0.0,231.9,37.1,0.0,269.0,146.5517,23.4483,0.0,170.0,,,,,,,,,DE003
Panem - Credi Club,2025-12-30,martes,2025-12-30 11:34:37.327000,2025-12-30 11:34:21.993000,1,12182,8,Restaurant,'-,1,1,PRUEBAS,SERVER1,SERVER1,Venta,CAFE REFILL,,Alimentos,CAFE Y BEBIDAS CALIENTES,"CAFE REFILL, REGULAR",False,1.0,55.0,55.0,0.0,0.0,0.0,0.0,47.41,7.59,0.0,55.0,47.4138,7.5862,0.0,55.0,,,,,,,,,CBC001
Panem - Credi Club,2025-12-30,martes,2025-12-30 11:34:37.327000,2025-12-30 11:34:22.680000,1,12182,8,Restaurant,'-,1,1,PRUEBAS,SERVER1,SERVER1,Venta,CAFE REFILL,REGULAR,Alimentos,MOD BEBIDAS,REGULAR,True,1.0,0.0,0.0,0.0,0.0,0.0,0.0,47.41,7.59,0.0,55.0,0.0,0.0,0.0,0.0,,,,,,,,,MB002
Panem - Credi Club,2025-12-30,martes,2025-12-30 11:46:57.627000,2025-12-30 11:43:58.483000,1,12183,9,Para llevar,'-,,1,PRUEBAS,SERVER1,SERVER1,Venta,LATTE 16OZ,,Alimentos,CAFE Y BEBIDAS CALIENTES,"LATTE 16OZ, LECHE ENTERA",False,1.0,90.0,90.0,0.0,0.0,0.0,0.0,125.27,12.41,3.82,141.5,77.5862,12.4138,0.0,90.0,,,,,,,,,CBC005
Panem - Credi Club,2025-12-30,martes,2025-12-30 11:46:57.627000,2025-12-30 11:44:02.313000,1,12183,9,Para llevar,'-,,1,PRUEBAS,SERVER1,SERVER1,Venta,LATTE 16OZ,LECHE ENTERA,Alimentos,MOD BEBIDAS,LECHE ENTERA,True,1.0,0.0,0.0,0.0,0.0,0.0,0.0,125.27,12.41,3.82,141.5,0.0,0.0,0.0,0.0,,,,,,,,,MB005
Panem - Credi Club,2025-12-30,martes,2025-12-30 11:46:57.627000,2025-12-30 11:45:21.277000,1,12183,9,Para llevar,'-,,1,PRUEBAS,SERVER1,SERVER1,Venta,CONCHA CHOCOLATE,,Alimentos,PAN DULCE,"CONCHA CHOCOLATE, $13.00 OFF",False,1.0,13.0,13.0,0.0,0.0,0.0,0.0,125.27,12.41,3.82,141.5,12.037,0.0,0.963,13.0,,,,,,,,,PD020
Panem - Credi Club,2025-12-30,martes,2025-12-30 11:46:57.627000,2025-12-30 11:45:32.090000,1,12183,9,Para llevar,'-,,1,PRUEBAS,SERVER1,SERVER1,Venta,CROISSANT ALMENDRAS,,Alimentos,PAN DULCE,"CROISSANT ALMENDRAS, $38.50 OFF",False,1.0,38.5,38.5,0.0,0.0,0.0,0.0,125.27,12.41,3.82,141.5,35.6481,0.0,2.8519,38.5,,,,,,,,,PD004
Panem - Credi Club,2025-12-30,martes,2025-12-30 11:49:36.667000,2025-12-30 11:49:21.140000,1,12184,10,Restaurant,'-,1,1,PRUEBAS,SERVER1,SERVER1,Venta,COCA COLA,,Alimentos,JUGOS Y BEBIDAS FRIAS,"COCA COLA, LIGHT",False,1.0,45.0,45.0,0.0,0.0,0.0,0.0,38.79,6.21,0.0,45.0,38.7931,6.2069,0.0,45.0,,,,,,,,,JBF013
Panem - Credi Club,2025-12-30,martes,2025-12-30 11:49:36.667000,2025-12-30 11:49:22.140000,1,12184,10,Restaurant,'-,1,1,PRUEBAS,SERVER1,SERVER1,Venta,COCA COLA,LIGHT,Alimentos,MOD BEBIDAS,LIGHT,True,1.0,0.0,0.0,0.0,0.0,0.0,0.0,38.79,6.21,0.0,45.0,0.0,0.0,0.0,0.0,,,,,,,,,MB015
Panem - Credi Club,2025-12-30,martes,2025-12-30 12:13:46.767000,2025-12-30 12:00:00,1,12185,11,Para llevar,'-,,1,PRUEBAS,SERVER1,,Anulación de platillo,DANES,,Alimentos,PAN DULCE,"Borrado de Partida Impresa, ERROR",,1.0,,,,,,,,,,,,,,,,,,,69.4444,0.0,0.0,75.0,PD008
Panem - Credi Club,2025-12-30,martes,2025-12-30 12:13:46.767000,2025-12-30 12:01:00,1,12185,11,Para llevar,'-,,1,PRUEBAS,SERVER1,,Anulación de platillo,CHILAQUILES PANEM,,Alimentos,DESAYUNOS,"Borrado de Partida Impresa, ERROR",,1.0,,,,,,,,,,,,,,,,,,,168.9655,27.0345,0.0,196.0,DE005
Panem - Credi Club,2025-12-30,martes,2025-12-30 12:13:46.767000,2025-12-30 12:00:31.447000,1,12185,11,Para llevar,'-,,1,PRUEBAS,SERVER1,SERVER1,Venta,DANES UBER,,Uber,UBER PAN DULCE,DANES UBER,False,1.0,98.0,98.0,0.0,0.0,0.0,0.0,312.29,35.45,7.26,355.0,90.7407,0.0,7.2593,98.0,,,,,,,,,UDP008
Panem - Credi Club,2025-12-30,martes,2025-12-30 12:13:46.767000,2025-12-30 12:00:44.013000,1,12185,11,Para llevar,'-,,1,PRUEBAS,SERVER1,SERVER1,Venta,CHILAQUILES PANEM UBER,,Uber,UBER DESAYUNOS,"CHILAQUILES PANEM UBER, SALSA VERDE,** YA NO TRABAJEN, SON LOS MISMOS **",False,1.0,257.0,257.0,0.0,0.0,0.0,0.0,312.29,35.45,7.26,355.0,221.5517,35.4483,0.0,257.0,,,,,,,,,UD005
Panem - Credi Club,2025-12-30,martes,2025-12-30 12:13:46.767000,2025-12-30 12:00:45.217000,1,12185,11,Para llevar,'-,,1,PRUEBAS,SERVER1,SERVER1,Venta,CHILAQUILES PANEM UBER,SALSA VERDE,Alimentos,MOD ALIMENTOS,SALSA VERDE,True,1.0,0.0,0.0,0.0,0.0,0.0,0.0,312.29,35.45,7.26,355.0,0.0,0.0,0.0,0.0,,,,,,,,,MA002
Panem - Credi Club,2025-12-30,martes,2025-12-30 12:23:58.193000,2025-12-30 11:58:40.387000,1,12187,12,Para llevar,'-,,1,PRUEBAS,SERVER1,SERVER1,Venta,CHILAQUILES PANEM UBER,,Uber,UBER DESAYUNOS,"CHILAQUILES PANEM UBER, MIXTOS",False,1.0,257.0,257.0,0.0,0.0,0.0,0.0,302.59,48.41,0.0,351.0,221.5517,35.4483,0.0,257.0,,,,,,,,,UD005
Panem - Credi Club,2025-12-30,martes,2025-12-30 12:23:58.193000,2025-12-30 11:58:41.373000,1,12187,12,Para llevar,'-,,1,PRUEBAS,SERVER1,SERVER1,Venta,CHILAQUILES PANEM UBER,MIXTOS,Alimentos,MOD ALIMENTOS,MIXTOS,True,1.0,0.0,0.0,0.0,0.0,0.0,0.0,302.59,48.41,0.0,351.0,0.0,0.0,0.0,0.0,,,,,,,,,MA011
Panem - Credi Club,2025-12-30,martes,2025-12-30 12:23:58.193000,2025-12-30 11:59:12.607000,1,12187,12,Para llevar,'-,,1,PRUEBAS,SERVER1,SERVER1,Venta,MOCHA 16OZ UBER,,Uber,UBER CAFE Y BEBIDAS CALIENTES,"MOCHA 16OZ UBER, LECHE DESLACTOSADA LIGHT",False,1.0,94.0,94.0,0.0,0.0,0.0,0.0,302.59,48.41,0.0,351.0,81.0345,12.9655,0.0,94.0,,,,,,,,,UCBC007
Panem - Credi Club,2025-12-30,martes,2025-12-30 12:23:58.193000,2025-12-30 11:59:20.853000,1,12187,12,Para llevar,'-,,1,PRUEBAS,SERVER1,SERVER1,Venta,MOCHA 16OZ UBER,LECHE DESLACTOSADA LIGHT,Alimentos,MOD BEBIDAS,LECHE DESLACTOSADA LIGHT,True,1.0,0.0,0.0,0.0,0.0,0.0,0.0,302.59,48.41,0.0,351.0,0.0,0.0,0.0,0.0,,,,,,,,,MB006
Panem - Credi Club,2025-12-30,martes,2025-12-30 12:15:54.563000,2025-12-30 12:15:08.797000,1,12186,13,Restaurant,'-,1,1,PRUEBAS,SERVER1,SERVER1,Venta,CAFE REFILL,,Alimentos,CAFE Y BEBIDAS CALIENTES,"CAFE REFILL, REGULAR",False,1.0,55.0,55.0,0.0,0.0,0.0,0.0,122.41,19.59,0.0,142.0,47.4138,7.5862,0.0,55.0,,,,,,,,,CBC001
Panem - Credi Club,2025-12-30,martes,2025-12-30 12:15:54.563000,2025-12-30 12:15:09.610000,1,12186,13,Restaurant,'-,1,1,PRUEBAS,SERVER1,SERVER1,Venta,CAFE REFILL,REGULAR,Alimentos,MOD BEBIDAS,REGULAR,True,1.0,0.0,0.0,0.0,0.0,0.0,0.0,122.41,19.59,0.0,142.0,0.0,0.0,0.0,0.0,,,,,,,,,MB002
Panem - Credi Club,2025-12-30,martes,2025-12-30 12:15:54.563000,2025-12-30 12:15:22.327000,1,12186,13,Restaurant,'-,1,1,PRUEBAS,SERVER1,SERVER1,Venta,CROISSANT DE BERRIES,,Alimentos,PRODUCTOS DE TEMPORADA,"CROISSANT DE BERRIES, $87.00 OFF",False,2.0,43.5,43.5,0.0,0.0,0.0,0.0,122.41,19.59,0.0,142.0,75.0,12.0,0.0,87.0,,,,,,,,,PTCRB
Panem - Credi Club,2025-12-30,martes,2025-12-30 12:42:02.197000,2025-12-30 12:39:50.477000,1,12188,14,Para llevar,'-,,1,PRUEBAS,SERVER1,SERVER1,Venta,CONCHA VAINILLA,,Alimentos,PAN DULCE,"CONCHA VAINILLA, $39.00 OFF",False,3.0,13.0,13.0,0.0,0.0,0.0,0.0,167.59,0.0,13.41,181.0,36.1111,0.0,2.8889,39.0,,,,,,,,,PD001
Panem - Credi Club,2025-12-30,martes,2025-12-30 12:42:02.197000,2025-12-30 12:39:54.130000,1,12188,14,Para llevar,'-,,1,PRUEBAS,SERVER1,SERVER1,Venta,CONCHA CHOCOLATE,,Alimentos,PAN DULCE,"CONCHA CHOCOLATE, $39.00 OFF",False,3.0,13.0,13.0,0.0,0.0,0.0,0.0,167.59,0.0,13.41,181.0,36.1111,0.0,2.8889,39.0,,,,,,,,,PD020
Panem - Credi Club,2025-12-30,martes,2025-12-30 12:42:02.197000,2025-12-30 12:40:01.320000,1,12188,14,Para llevar,'-,,1,PRUEBAS,SERVER1,SERVER1,Venta,PAIN AU CHOCOLAT,,Alimentos,PAN DULCE,"PAIN AU CHOCOLAT, $77.00 OFF",False,2.0,38.5,38.5,0.0,0.0,0.0,0.0,167.59,0.0,13.41,181.0,71.2963,0.0,5.7037,77.0,,,,,,,,,PD005
Panem - Credi Club,2025-12-30,martes,2025-12-30 12:42:02.197000,2025-12-30 12:41:16.393000,1,12188,14,Para llevar,'-,,1,PRUEBAS,SERVER1,SERVER1,Venta,CONCHA CHOCOLATE,,Alimentos,PAN DULCE,"CONCHA CHOCOLATE, $13.00 OFF",False,1.0,13.0,13.0,0.0,0.0,0.0,0.0,167.59,0.0,13.41,181.0,12.037,0.0,0.963,13.0,,,,,,,,,PD020
Panem - Credi Club,2025-12-30,martes,2025-12-30 12:42:02.197000,2025-12-30 12:41:16.970000,1,12188,14,Para llevar,'-,,1,PRUEBAS,SERVER1,SERVER1,Venta,CONCHA VAINILLA,,Alimentos,PAN DULCE,"CONCHA VAINILLA, $13.00 OFF",False,1.0,13.0,13.0,0.0,0.0,0.0,0.0,167.59,0.0,13.41,181.0,12.037,0.0,0.963,13.0,,,,,,,,,PD001
Panem - Credi Club,2025-12-30,martes,2025-12-30 12:47:09.170000,2025-12-30 12:46:48.407000,1,12189,15,Restaurant,'-,1,1,PRUEBAS,SERVER1,SERVER1,Venta,DANES,,Alimentos,PAN DULCE,"DANES, $37.50 OFF",False,1.0,37.5,37.5,0.0,0.0,0.0,0.0,34.72,0.0,2.78,37.5,34.7222,0.0,2.7778,37.5,,,,,,,,,PD008
Panem - Credi Club,2025-12-30,martes,2025-12-30 13:11:53.330000,2025-12-30 13:09:46.400000,1,12190,16,Para llevar,'-,,1,PRUEBAS,SERVER1,SERVER1,Venta,CAFE REFILL,,Alimentos,CAFE Y BEBIDAS CALIENTES,"CAFE REFILL, REGULAR",False,1.0,55.0,55.0,0.0,0.0,0.0,0.0,71.49,7.59,1.92,81.0,47.4138,7.5862,0.0,55.0,,,,,,,,,CBC001
Panem - Credi Club,2025-12-30,martes,2025-12-30 13:11:53.330000,2025-12-30 13:09:47.400000,1,12190,16,Para llevar,'-,,1,PRUEBAS,SERVER1,SERVER1,Venta,CAFE REFILL,REGULAR,Alimentos,MOD BEBIDAS,REGULAR,True,1.0,0.0,0.0,0.0,0.0,0.0,0.0,71.49,7.59,1.92,81.0,0.0,0.0,0.0,0.0,,,,,,,,,MB002
Panem - Credi Club,2025-12-30,martes,2025-12-30 13:11:53.330000,2025-12-30 13:10:49.037000,1,12190,16,Para llevar,'-,,1,PRUEBAS,SERVER1,SERVER1,Venta,CONCHA CHOCOLATE,,Alimentos,PAN DULCE,"CONCHA CHOCOLATE, $13.00 OFF",False,1.0,13.0,13.0,0.0,0.0,0.0,0.0,71.49,7.59,1.92,81.0,12.037,0.0,0.963,13.0,,,,,,,,,PD020
Panem - Credi Club,2025-12-30,martes,2025-12-30 13:11:53.330000,2025-12-30 13:10:50.003000,1,12190,16,Para llevar,'-,,1,PRUEBAS,SERVER1,SERVER1,Venta,CONCHA VAINILLA,,Alimentos,PAN DULCE,"CONCHA VAINILLA, $13.00 OFF",False,1.0,13.0,13.0,0.0,0.0,0.0,0.0,71.49,7.59,1.92,81.0,12.037,0.0,0.963,13.0,,,,,,,,,PD001
Panem - Credi Club,2025-12-30,martes,2025-12-30 13:47:08.247000,2025-12-30 13:45:32.967000,1,12191,17,Restaurant,'-,1,1,PRUEBAS,SERVER1,SERVER1,Venta,CAPPUCCINO 16OZ,,Alimentos,CAFE Y BEBIDAS CALIENTES,"CAPPUCCINO 16OZ, LECHE DESLACTOSADA LIGHT, VAINILLA SUGAR FREE",False,1.0,90.0,100.0,0.0,0.0,0.0,0.0,131.21,13.79,0.0,145.0,86.2069,13.7931,0.0,100.0,,,,,,,,,CBC003
Panem - Credi Club,2025-12-30,martes,2025-12-30 13:47:08.247000,2025-12-30 13:45:33.840000,1,12191,17,Restaurant,'-,1,1,PRUEBAS,SERVER1,SERVER1,Venta,CAPPUCCINO 16OZ,LECHE DESLACTOSADA LIGHT,Alimentos,MOD BEBIDAS,LECHE DESLACTOSADA LIGHT,True,1.0,0.0,0.0,0.0,0.0,0.0,0.0,131.21,13.79,0.0,145.0,0.0,0.0,0.0,0.0,,,,,,,,,MB006
Panem - Credi Club,2025-12-30,martes,2025-12-30 13:47:08.247000,2025-12-30 13:45:34.543000,1,12191,17,Restaurant,'-,1,1,PRUEBAS,SERVER1,SERVER1,Venta,CAPPUCCINO 16OZ,VAINILLA SUGAR FREE,Alimentos,MOD BEBIDAS,VAINILLA SUGAR FREE,True,1.0,10.0,0.0,0.0,0.0,0.0,0.0,131.21,13.79,0.0,145.0,8.6207,1.3793,0.0,10.0,,,,,,,,,MB026
Panem - Credi Club,2025-12-30,martes,2025-12-30 13:47:08.247000,2025-12-30 13:46:13.183000,1,12191,17,Restaurant,'-,1,1,PRUEBAS,SERVER1,SERVER1,Venta,AGUA NATURA ST,,Alimentos,JUGOS Y BEBIDAS FRIAS,AGUA NATURA ST,False,1.0,45.0,45.0,0.0,0.0,0.0,0.0,131.21,13.79,0.0,145.0,45.0,0.0,0.0,45.0,,,,,,,,,JBF014
Panem - Credi Club,2025-12-30,martes,2025-12-30 14:01:20.253000,2025-12-30 14:00:46.667000,1,12192,18,Restaurant,'-,1,1,PRUEBAS,SERVER1,SERVER1,Venta,SOPA TOMATE,,Alimentos,COMIDAS,SOPA TOMATE,False,1.0,120.0,120.0,0.0,0.0,0.0,0.0,103.45,16.55,0.0,120.0,103.4483,16.5517,0.0,120.0,,,,,,,,,CO004
Panem - Credi Club,2025-12-30,martes,2025-12-30 14:26:42.213000,2025-12-30 14:25:22.213000,1,12193,19,Para llevar,'-,,1,PRUEBAS,SERVER1,SERVER1,Venta,MOCHA 16OZ,,Alimentos,CAFE Y BEBIDAS CALIENTES,"MOCHA 16OZ, LECHE ENTERA",False,1.0,90.0,90.0,0.0,0.0,0.0,0.0,77.59,12.41,0.0,90.0,77.5862,12.4138,0.0,90.0,,,,,,,,,CBC007
Panem - Credi Club,2025-12-30,martes,2025-12-30 14:26:42.213000,2025-12-30 14:25:27.650000,1,12193,19,Para llevar,'-,,1,PRUEBAS,SERVER1,SERVER1,Venta,MOCHA 16OZ,LECHE ENTERA,Alimentos,MOD BEBIDAS,LECHE ENTERA,True,1.0,0.0,0.0,0.0,0.0,0.0,0.0,77.59,12.41,0.0,90.0,0.0,0.0,0.0,0.0,,,,,,,,,MB005
Panem - Credi Club,2025-12-30,martes,2025-12-30 14:46:11.813000,2025-12-30 14:42:37.563000,1,12194,20,Restaurant,'-,1,1,PRUEBAS,SERVER1,SERVER1,Cortesía de platillo,LIMONADA,,Alimentos,JUGOS Y BEBIDAS FRIAS,BEBIDA EMPLEADO,False,6.0,45.0,45.0,0.0,0.0,0.0,0.0,0.0,0.0,0.0,0.0,0.0,0.0,0.0,0.0,232.76,37.24,0.0,270.0,,,,,MA019
Panem - Credi Club,2025-12-30,martes,2025-12-30 14:46:11.813000,2025-12-30 14:43:14.483000,1,12194,20,Restaurant,'-,1,1,PRUEBAS,SERVER1,SERVER1,Cortesía de platillo,ESPRESSO SIMPLE,,Alimentos,CAFE Y BEBIDAS CALIENTES,BEBIDA EMPLEADO,False,4.0,35.0,35.0,0.0,0.0,0.0,0.0,0.0,0.0,0.0,0.0,0.0,0.0,0.0,0.0,120.69,19.31,0.0,140.0,,,,,CBC008
Panem - Credi Club,2025-12-30,martes,2025-12-30 14:46:11.813000,2025-12-30 14:42:59.610000,1,12194,20,Restaurant,'-,1,1,PRUEBAS,SERVER1,SERVER1,Cortesía de platillo,CAFE OLLA REFILL,,Alimentos,CAFE Y BEBIDAS CALIENTES,BEBIDA EMPLEADO,False,2.0,55.0,55.0,0.0,0.0,0.0,0.0,0.0,0.0,0.0,0.0,0.0,0.0,0.0,0.0,94.83,15.17,0.0,110.0,,,,,CBC020
Panem - Credi Club,2025-12-30,martes,2025-12-30 14:46:11.813000,2025-12-30 14:43:25.483000,1,12194,20,Restaurant,'-,1,1,PRUEBAS,SERVER1,SERVER1,Cortesía de platillo,CAFE REFILL,,Alimentos,CAFE Y BEBIDAS CALIENTES,BEBIDA EMPLEADO,False,1.0,55.0,55.0,0.0,0.0,0.0,0.0,0.0,0.0,0.0,0.0,0.0,0.0,0.0,0.0,47.41,7.59,0.0,55.0,,,,,CBC001
Panem - Credi Club,2025-12-30,martes,2025-12-30 14:46:11.813000,2025-12-30 14:42:37.563000,1,12194,20,Restaurant,'-,1,1,PRUEBAS,SERVER1,SERVER1,Venta,LIMONADA,,Alimentos,JUGOS Y BEBIDAS FRIAS,"LIMONADA, Cortesia",False,6.0,45.0,45.0,0.0,0.0,0.0,0.0,0.0,0.0,0.0,0.0,0.0,0.0,0.0,0.0,,,,,,,,,MA019
Panem - Credi Club,2025-12-30,martes,2025-12-30 14:46:11.813000,2025-12-30 14:42:59.610000,1,12194,20,Restaurant,'-,1,1,PRUEBAS,SERVER1,SERVER1,Venta,CAFE OLLA REFILL,,Alimentos,CAFE Y BEBIDAS CALIENTES,"CAFE OLLA REFILL, Cortesia",False,2.0,55.0,55.0,0.0,0.0,0.0,0.0,0.0,0.0,0.0,0.0,0.0,0.0,0.0,0.0,,,,,,,,,CBC020
Panem - Credi Club,2025-12-30,martes,2025-12-30 14:46:11.813000,2025-12-30 14:43:14.483000,1,12194,20,Restaurant,'-,1,1,PRUEBAS,SERVER1,SERVER1,Venta,ESPRESSO SIMPLE,,Alimentos,CAFE Y BEBIDAS CALIENTES,"ESPRESSO SIMPLE, Cortesia",False,4.0,35.0,35.0,0.0,0.0,0.0,0.0,0.0,0.0,0.0,0.0,0.0,0.0,0.0,0.0,,,,,,,,,CBC008
Panem - Credi Club,2025-12-30,martes,2025-12-30 14:46:11.813000,2025-12-30 14:43:25.483000,1,12194,20,Restaurant,'-,1,1,PRUEBAS,SERVER1,SERVER1,Venta,CAFE REFILL,,Alimentos,CAFE Y BEBIDAS CALIENTES,"CAFE REFILL, REGULAR, Cortesia",False,1.0,55.0,55.0,0.0,0.0,0.0,0.0,0.0,0.0,0.0,0.0,0.0,0.0,0.0,0.0,,,,,,,,,CBC001
Panem - Credi Club,2025-12-30,martes,2025-12-30 14:46:11.813000,2025-12-30 14:43:27.047000,1,12194,20,Restaurant,'-,1,1,PRUEBAS,SERVER1,SERVER1,Venta,CAFE REFILL,REGULAR,Alimentos,MOD BEBIDAS,REGULAR,True,1.0,0.0,0.0,0.0,0.0,0.0,0.0,0.0,0.0,0.0,0.0,0.0,0.0,0.0,0.0,,,,,,,,,MB002
Panem - Credi Club,2025-12-30,martes,2025-12-30 14:47:55.090000,2025-12-30 14:46:41.037000,1,12195,21,Para llevar,'-,,1,PRUEBAS,SERVER1,SERVER1,Venta,CAFE OLLA REFILL,,Alimentos,CAFE Y BEBIDAS CALIENTES,CAFE OLLA REFILL,False,1.0,55.0,55.0,0.0,0.0,0.0,0.0,71.49,7.59,1.92,81.0,47.4138,7.5862,0.0,55.0,,,,,,,,,CBC020
Panem - Credi Club,2025-12-30,martes,2025-12-30 14:47:55.090000,2025-12-30 14:46:54.550000,1,12195,21,Para llevar,'-,,1,PRUEBAS,SERVER1,SERVER1,Venta,CONCHA CHOCOLATE,,Alimentos,PAN DULCE,CONCHA CHOCOLATE,False,1.0,26.0,26.0,0.0,0.0,0.0,0.0,71.49,7.59,1.92,81.0,24.0741,0.0,1.9259,26.0,,,,,,,,,PD020
Panem - Credi Club,2025-12-30,martes,2025-12-30 14:53:07.317000,2025-12-30 14:51:55.453000,1,12196,22,Para llevar,'-,,1,PRUEBAS,SERVER1,SERVER1,Venta,CAFE OLLA REFILL,,Alimentos,CAFE Y BEBIDAS CALIENTES,CAFE OLLA REFILL,False,1.0,55.0,55.0,0.0,0.0,0.0,0.0,107.6,7.59,4.81,120.0,47.4138,7.5862,0.0,55.0,,,,,,,,,CBC020
Panem - Credi Club,2025-12-30,martes,2025-12-30 14:53:07.317000,2025-12-30 14:52:02.420000,1,12196,22,Para llevar,'-,,1,PRUEBAS,SERVER1,SERVER1,Venta,MUFFIN BLUEBERRY,,Alimentos,PAN DULCE,MUFFIN BLUEBERRY,False,1.0,65.0,65.0,0.0,0.0,0.0,0.0,107.6,7.59,4.81,120.0,60.1852,0.0,4.8148,65.0,,,,,,,,,PD014
Panem - Credi Club,2025-12-30,martes,2025-12-30 14:56:02.030000,2025-12-30 14:53:59.873000,1,12197,23,Para llevar,'-,,1,PRUEBAS,SERVER1,SERVER1,Venta,ROSCA REBANADA,,Alimentos,PRODUCTOS DE TEMPORADA,"ROSCA REBANADA, $30.00 OFF",False,1.0,30.0,30.0,0.0,0.0,0.0,0.0,51.72,8.28,0.0,60.0,25.8621,4.1379,0.0,30.0,,,,,,,,,RR100
Panem - Credi Club,2025-12-30,martes,2025-12-30 14:56:02.030000,2025-12-30 14:54:19.980000,1,12197,23,Para llevar,'-,,1,PRUEBAS,SERVER1,SERVER1,Venta,ROSCA REBANADA,,Alimentos,PRODUCTOS DE TEMPORADA,"ROSCA REBANADA, $30.00 OFF",False,1.0,30.0,30.0,0.0,0.0,0.0,0.0,51.72,8.28,0.0,60.0,25.8621,4.1379,0.0,30.0,,,,,,,,,RR100
Panem - Credi Club,2025-12-30,martes,2025-12-30 15:03:13.930000,2025-12-30 15:01:58.433000,1,12198,24,Para llevar,'-,,1,PRUEBAS,SERVER1,SERVER1,Cortesía de platillo,ENCHILADAS SUIZAS,,Alimentos,DESAYUNOS,QR CC,False,1.0,196.0,196.0,0.0,0.0,0.0,0.0,0.0,0.0,0.0,0.0,0.0,0.0,0.0,0.0,168.97,27.03,0.0,196.0,,,,,DE006
Panem - Credi Club,2025-12-30,martes,2025-12-30 15:03:13.930000,2025-12-30 15:02:09.103000,1,12198,24,Para llevar,'-,,1,PRUEBAS,SERVER1,SERVER1,Cortesía de platillo,LATTE EN LAS ROCAS,,Alimentos,JUGOS Y BEBIDAS FRIAS,CCQR,False,1.0,95.0,95.0,0.0,0.0,0.0,0.0,0.0,0.0,0.0,0.0,0.0,0.0,0.0,0.0,81.9,13.1,0.0,95.0,,,,,JBF019
Panem - Credi Club,2025-12-30,martes,2025-12-30 15:03:13.930000,2025-12-30 15:01:58.433000,1,12198,24,Para llevar,'-,,1,PRUEBAS,SERVER1,SERVER1,Venta,ENCHILADAS SUIZAS,,Alimentos,DESAYUNOS,"ENCHILADAS SUIZAS, Cortesia",False,1.0,196.0,196.0,0.0,0.0,0.0,0.0,0.0,0.0,0.0,0.0,0.0,0.0,0.0,0.0,,,,,,,,,DE006
Panem - Credi Club,2025-12-30,martes,2025-12-30 15:03:13.930000,2025-12-30 15:02:09.103000,1,12198,24,Para llevar,'-,,1,PRUEBAS,SERVER1,SERVER1,Venta,LATTE EN LAS ROCAS,,Alimentos,JUGOS Y BEBIDAS FRIAS,"LATTE EN LAS ROCAS, LECHE ENTERA, VAINILLA SUGAR FREE, Cortesia",False,1.0,85.0,95.0,0.0,0.0,0.0,0.0,0.0,0.0,0.0,0.0,0.0,0.0,0.0,0.0,,,,,,,,,JBF019
Panem - Credi Club,2025-12-30,martes,2025-12-30 15:03:13.930000,2025-12-30 15:02:14.167000,1,12198,24,Para llevar,'-,,1,PRUEBAS,SERVER1,SERVER1,Venta,LATTE EN LAS ROCAS,LECHE ENTERA,Alimentos,MOD BEBIDAS,LECHE ENTERA,True,1.0,0.0,0.0,0.0,0.0,0.0,0.0,0.0,0.0,0.0,0.0,0.0,0.0,0.0,0.0,,,,,,,,,MB005
Panem - Credi Club,2025-12-30,martes,2025-12-30 15:03:13.930000,2025-12-30 15:02:16.947000,1,12198,24,Para llevar,'-,,1,PRUEBAS,SERVER1,SERVER1,Venta,LATTE EN LAS ROCAS,VAINILLA SUGAR FREE,Alimentos,MOD BEBIDAS,VAINILLA SUGAR FREE,True,1.0,10.0,0.0,0.0,0.0,0.0,0.0,0.0,0.0,0.0,0.0,0.0,0.0,0.0,0.0,,,,,,,,,MB026
Panem - Credi Club,2025-12-30,martes,2025-12-30 15:06:13.633000,2025-12-30 15:04:04.520000,1,12199,25,Para llevar,'-,,1,PRUEBAS,SERVER1,SERVER1,Cortesía de platillo,CLUB SANDWICH,,Alimentos,COMIDAS,QRCREDICLUB,False,1.0,215.0,215.0,0.0,0.0,0.0,0.0,0.0,0.0,0.0,0.0,0.0,0.0,0.0,0.0,185.34,29.66,0.0,215.0,,,,,CO011
Panem - Credi Club,2025-12-30,martes,2025-12-30 15:06:13.633000,2025-12-30 15:05:04.860000,1,12199,25,Para llevar,'-,,1,PRUEBAS,SERVER1,SERVER1,Cortesía de platillo,LATTE 16OZ,,Alimentos,CAFE Y BEBIDAS CALIENTES,QRCREDICLUB,False,1.0,100.0,100.0,0.0,0.0,0.0,0.0,0.0,0.0,0.0,0.0,0.0,0.0,0.0,0.0,86.21,13.79,0.0,100.0,,,,,CBC005
Panem - Credi Club,2025-12-30,martes,2025-12-30 15:06:13.633000,2025-12-30 15:04:04.520000,1,12199,25,Para llevar,'-,,1,PRUEBAS,SERVER1,SERVER1,Venta,CLUB SANDWICH,,Alimentos,COMIDAS,"CLUB SANDWICH, Cortesia",False,1.0,215.0,215.0,0.0,0.0,0.0,0.0,0.0,0.0,0.0,0.0,0.0,0.0,0.0,0.0,,,,,,,,,CO011
Panem - Credi Club,2025-12-30,martes,2025-12-30 15:06:13.633000,2025-12-30 15:05:04.860000,1,12199,25,Para llevar,'-,,1,PRUEBAS,SERVER1,SERVER1,Venta,LATTE 16OZ,,Alimentos,CAFE Y BEBIDAS CALIENTES,"LATTE 16OZ, LECHE DESLACTOSADA LIGHT, VAINILLA SUGAR FREE, Cortesia",False,1.0,90.0,100.0,0.0,0.0,0.0,0.0,0.0,0.0,0.0,0.0,0.0,0.0,0.0,0.0,,,,,,,,,CBC005
Panem - Credi Club,2025-12-30,martes,2025-12-30 15:06:13.633000,2025-12-30 15:05:08.127000,1,12199,25,Para llevar,'-,,1,PRUEBAS,SERVER1,SERVER1,Venta,LATTE 16OZ,LECHE DESLACTOSADA LIGHT,Alimentos,MOD BEBIDAS,LECHE DESLACTOSADA LIGHT,True,1.0,0.0,0.0,0.0,0.0,0.0,0.0,0.0,0.0,0.0,0.0,0.0,0.0,0.0,0.0,,,,,,,,,MB006
Panem - Credi Club,2025-12-30,martes,2025-12-30 15:06:13.633000,2025-12-30 15:05:10.280000,1,12199,25,Para llevar,'-,,1,PRUEBAS,SERVER1,SERVER1,Venta,LATTE 16OZ,VAINILLA SUGAR FREE,Alimentos,MOD BEBIDAS,VAINILLA SUGAR FREE,True,1.0,10.0,0.0,0.0,0.0,0.0,0.0,0.0,0.0,0.0,0.0,0.0,0.0,0.0,0.0,,,,,,,,,MB026
Panem - Credi Club,2025-12-30,martes,2025-12-30 15:13:01.017000,2025-12-30 15:11:23.293000,1,12200,26,Para llevar,'-,,1,PRUEBAS,SERVER1,SERVER1,Venta,ENCHILADAS SUIZAS UBER,,Uber,UBER DESAYUNOS,"ENCHILADAS SUIZAS UBER,** SOLO UNA SIN CEBOLLA **",False,3.0,257.0,257.0,0.0,0.0,0.0,0.0,664.66,106.34,0.0,771.0,664.6552,106.3448,0.0,771.0,,,,,,,,,UD006
Panem - Credi Club,2025-12-30,martes,2025-12-30 15:32:54.057000,2025-12-30 15:29:23.363000,1,12201,27,Para llevar,'-,,1,PRUEBAS,SERVER1,SERVER1,Venta,CAPPUCCINO 16OZ,,Alimentos,CAFE Y BEBIDAS CALIENTES,"CAPPUCCINO 16OZ, LECHE DESLACTOSADA LIGHT",False,1.0,90.0,90.0,0.0,0.0,0.0,0.0,239.43,24.83,6.74,271.0,77.5862,12.4138,0.0,90.0,,,,,,,,,CBC003
Panem - Credi Club,2025-12-30,martes,2025-12-30 15:32:54.057000,2025-12-30 15:29:25.067000,1,12201,27,Para llevar,'-,,1,PRUEBAS,SERVER1,SERVER1,Venta,CAPPUCCINO 16OZ,LECHE DESLACTOSADA LIGHT,Alimentos,MOD BEBIDAS,LECHE DESLACTOSADA LIGHT,True,1.0,0.0,0.0,0.0,0.0,0.0,0.0,239.43,24.83,6.74,271.0,0.0,0.0,0.0,0.0,,,,,,,,,MB006
Panem - Credi Club,2025-12-30,martes,2025-12-30 15:32:54.057000,2025-12-30 15:30:08.470000,1,12201,27,Para llevar,'-,,1,PRUEBAS,SERVER1,SERVER1,Venta,CAPPUCCINO 16OZ,,Alimentos,CAFE Y BEBIDAS CALIENTES,"CAPPUCCINO 16OZ, LECHE ENTERA",False,1.0,90.0,90.0,0.0,0.0,0.0,0.0,239.43,24.83,6.74,271.0,77.5862,12.4138,0.0,90.0,,,,,,,,,CBC003
Panem - Credi Club,2025-12-30,martes,2025-12-30 15:32:54.057000,2025-12-30 15:30:10.457000,1,12201,27,Para llevar,'-,,1,PRUEBAS,SERVER1,SERVER1,Venta,CAPPUCCINO 16OZ,LECHE ENTERA,Alimentos,MOD BEBIDAS,LECHE ENTERA,True,1.0,0.0,0.0,0.0,0.0,0.0,0.0,239.43,24.83,6.74,271.0,0.0,0.0,0.0,0.0,,,,,,,,,MB005
Panem - Credi Club,2025-12-30,martes,2025-12-30 15:32:54.057000,2025-12-30 15:30:23.690000,1,12201,27,Para llevar,'-,,1,PRUEBAS,SERVER1,SERVER1,Venta,CONCHA VAINILLA,,Alimentos,PAN DULCE,CONCHA VAINILLA,False,1.0,26.0,26.0,0.0,0.0,0.0,0.0,239.43,24.83,6.74,271.0,24.0741,0.0,1.9259,26.0,,,,,,,,,PD001
Panem - Credi Club,2025-12-30,martes,2025-12-30 15:32:54.057000,2025-12-30 15:30:38.877000,1,12201,27,Para llevar,'-,,1,PRUEBAS,SERVER1,SERVER1,Venta,MUFFIN PLATANO VEGANO,,Alimentos,PAN DULCE,MUFFIN PLATANO VEGANO,False,1.0,65.0,65.0,0.0,0.0,0.0,0.0,239.43,24.83,6.74,271.0,60.1852,0.0,4.8148,65.0,,,,,,,,,PD021
Panem - Credi Club,2025-12-30,martes,2025-12-30 16:16:18.177000,2025-12-30 16:15:05.290000,1,12202,28,Para llevar,'-,,1,PRUEBAS,SERVER1,SERVER1,Venta,CAFE OLLA REFILL,,Alimentos,CAFE Y BEBIDAS CALIENTES,CAFE OLLA REFILL,False,1.0,55.0,55.0,0.0,0.0,0.0,0.0,89.08,7.59,3.33,100.0,47.4138,7.5862,0.0,55.0,,,,,,,,,CBC020
Panem - Credi Club,2025-12-30,martes,2025-12-30 16:16:18.177000,2025-12-30 16:15:20.820000,1,12202,28,Para llevar,'-,,1,PRUEBAS,SERVER1,SERVER1,Venta,OREJA NATURAL,,Alimentos,PAN DULCE,"OREJA NATURAL, $45.00 OFF",False,2.0,22.5,22.5,0.0,0.0,0.0,0.0,89.08,7.59,3.33,100.0,41.6667,0.0,3.3333,45.0,,,,,,,,,PD009
Panem - Credi Club,2025-12-30,martes,2025-12-30 16:22:01.980000,2025-12-30 16:20:08.707000,1,12203,29,Para llevar,'-,,1,PRUEBAS,SERVER1,SERVER1,Venta,ROL DE CANELA,,Alimentos,PAN DULCE,"ROL DE CANELA, $77.00 OFF",False,2.0,38.5,38.5,0.0,0.0,0.0,0.0,154.63,0.0,12.37,167.0,71.2963,0.0,5.7037,77.0,,,,,,,,,PD006
Panem - Credi Club,2025-12-30,martes,2025-12-30 16:22:01.980000,2025-12-30 16:20:39.500000,1,12203,29,Para llevar,'-,,1,PRUEBAS,SERVER1,SERVER1,Venta,TARTALETA DE MANZANA,,Alimentos,REPOSTERIA,"TARTALETA DE MANZANA, $90.00 OFF",False,2.0,45.0,45.0,0.0,0.0,0.0,0.0,154.63,0.0,12.37,167.0,83.3333,0.0,6.6667,90.0,,,,,,,,,RE009
Panem - Credi Club,2025-12-30,martes,2025-12-30 16:23:27.660000,2025-12-30 16:22:32.283000,1,12204,30,Para llevar,'-,,1,PRUEBAS,SERVER1,SERVER1,Venta,REBANADA CHEESECAKE TORTUGA,,Alimentos,REPOSTERIA,"REBANADA CHEESECAKE TORTUGA, $115.00 OFF",False,2.0,57.5,57.5,0.0,0.0,0.0,0.0,148.15,0.0,11.85,160.0,106.4815,0.0,8.5185,115.0,,,,,,,,,RE001
Panem - Credi Club,2025-12-30,martes,2025-12-30 16:23:27.660000,2025-12-30 16:22:35.487000,1,12204,30,Para llevar,'-,,1,PRUEBAS,SERVER1,SERVER1,Venta,TARTALETA DE NUEZ,,Alimentos,REPOSTERIA,"TARTALETA DE NUEZ, $45.00 OFF",False,1.0,45.0,45.0,0.0,0.0,0.0,0.0,148.15,0.0,11.85,160.0,41.6667,0.0,3.3333,45.0,,,,,,,,,RE006
Panem - Credi Club,2025-12-30,martes,2025-12-30 16:27:47.717000,2025-12-30 16:25:21.877000,1,12205,31,Para llevar,'-,,1,PRUEBAS,SERVER1,SERVER1,Venta,ENCHILADAS SUIZAS,,Alimentos,DESAYUNOS,"ENCHILADAS SUIZAS, $170.79 OFF",False,1.0,25.2116,25.2116,0.0,0.0,0.0,0.0,27.09,3.48,0.43,31.0,21.7342,3.4775,0.0,25.2116,,,,,,,,,DE006
Panem - Credi Club,2025-12-30,martes,2025-12-30 16:27:47.717000,2025-12-30 16:25:47.857000,1,12205,31,Para llevar,'-,,1,PRUEBAS,SERVER1,SERVER1,Venta,OREJA NATURAL,,Alimentos,PAN DULCE,"OREJA NATURAL, $39.21 OFF",False,1.0,5.7884,5.7884,0.0,0.0,0.0,0.0,27.09,3.48,0.43,31.0,5.3596,0.0,0.4288,5.7884,,,,,,,,,PD009
Panem - Credi Club,2025-12-30,martes,2025-12-30 16:29:33.980000,2025-12-30 16:28:13.500000,1,12206,32,Para llevar,'-,,1,PRUEBAS,SERVER1,SERVER1,Venta,ENCHILADAS SUIZAS,,Alimentos,DESAYUNOS,"ENCHILADAS SUIZAS, $167.32 OFF",False,1.0,28.6829,28.6829,0.0,0.0,0.0,0.0,31.03,4.97,0.0,36.0,24.7267,3.9563,0.0,28.6829,,,,,,,,,DE006
Panem - Credi Club,2025-12-30,martes,2025-12-30 16:29:33.980000,2025-12-30 16:28:41.903000,1,12206,32,Para llevar,'-,,1,PRUEBAS,SERVER1,SERVER1,Venta,JUGO NARANJA,,Alimentos,JUGOS Y BEBIDAS FRIAS,"JUGO NARANJA, $42.68 OFF",False,1.0,7.3171,7.3171,0.0,0.0,0.0,0.0,31.03,4.97,0.0,36.0,6.3078,1.0093,0.0,7.3171,,,,,,,,,JBF010
Panem - Credi Club,2025-12-30,martes,2025-12-30 16:52:51.480000,2025-12-30 16:47:10.097000,1,12208,33,Para llevar,'-,,1,PRUEBAS,SERVER1,SERVER1,Venta,GARRA DE OSO,,Alimentos,PAN DULCE,"GARRA DE OSO, $75.00 OFF",False,2.0,37.5,37.5,0.0,0.0,0.0,0.0,117.59,0.0,9.41,127.0,69.4444,0.0,5.5556,75.0,,,,,,,,,PD007
Panem - Credi Club,2025-12-30,martes,2025-12-30 16:52:51.480000,2025-12-30 16:51:26.457000,1,12208,33,Para llevar,'-,,1,PRUEBAS,SERVER1,SERVER1,Venta,CONCHA CHOCOLATE,,Alimentos,PAN DULCE,"CONCHA CHOCOLATE, $26.00 OFF",False,2.0,13.0,13.0,0.0,0.0,0.0,0.0,117.59,0.0,9.41,127.0,24.0741,0.0,1.9259,26.0,,,,,,,,,PD020
Panem - Credi Club,2025-12-30,martes,2025-12-30 16:52:51.480000,2025-12-30 16:51:28.643000,1,12208,33,Para llevar,'-,,1,PRUEBAS,SERVER1,SERVER1,Venta,CONCHA VAINILLA,,Alimentos,PAN DULCE,"CONCHA VAINILLA, $26.00 OFF",False,2.0,13.0,13.0,0.0,0.0,0.0,0.0,117.59,0.0,9.41,127.0,24.0741,0.0,1.9259,26.0,,,,,,,,,PD001
Panem - Credi Club,2025-12-30,martes,2025-12-30 16:49:46.663000,2025-12-30 16:48:16.153000,1,12207,34,Para llevar,'-,,1,PRUEBAS,SERVER1,SERVER1,Venta,MUFFIN BLUEBERRY,,Alimentos,PAN DULCE,"MUFFIN BLUEBERRY, $32.50 OFF",False,1.0,32.5,32.5,0.0,0.0,0.0,0.0,60.19,0.0,4.81,65.0,30.0926,0.0,2.4074,32.5,,,,,,,,,PD014
Panem - Credi Club,2025-12-30,martes,2025-12-30 16:49:46.663000,2025-12-30 16:48:16.997000,1,12207,34,Para llevar,'-,,1,PRUEBAS,SERVER1,SERVER1,Venta,MUFFIN PLATANO VEGANO,,Alimentos,PAN DULCE,"MUFFIN PLATANO VEGANO, $32.50 OFF",False,1.0,32.5,32.5,0.0,0.0,0.0,0.0,60.19,0.0,4.81,65.0,30.0926,0.0,2.4074,32.5,,,,,,,,,PD021
Panem - Credi Club,2025-12-30,martes,2025-12-30 16:54:38.393000,2025-12-30 16:53:53.117000,1,12209,35,Para llevar,'-,,1,PRUEBAS,SERVER1,SERVER1,Venta,OREJA NATURAL,,Alimentos,PAN DULCE,"OREJA NATURAL, $22.50 OFF",False,1.0,22.5,22.5,0.0,0.0,0.0,0.0,20.83,0.0,1.67,22.5,20.8333,0.0,1.6667,22.5,,,,,,,,,PD009
Panem - Credi Club,2026-01-02,viernes,2026-01-02 08:28:25.293000,2026-01-02 08:27:37.983000,1,12210,1,Restaurant,'-,1,1,PRUEBAS,SERVER1,SERVER1,Venta,MOCHA EN LAS ROCAS,,Alimentos,JUGOS Y BEBIDAS FRIAS,"MOCHA EN LAS ROCAS, LECHE DESLACTOSADA LIGHT,** UNO CON SHOT EXTRA **",False,2.0,85.0,85.0,0.0,0.0,0.0,0.0,159.48,25.52,0.0,185.0,146.5517,23.4483,0.0,170.0,,,,,,,,,JBF022
Panem - Credi Club,2026-01-02,viernes,2026-01-02 08:28:25.293000,2026-01-02 08:27:38.873000,1,12210,1,Restaurant,'-,1,1,PRUEBAS,SERVER1,SERVER1,Venta,MOCHA EN LAS ROCAS,LECHE DESLACTOSADA LIGHT,Alimentos,MOD BEBIDAS,LECHE DESLACTOSADA LIGHT,True,2.0,0.0,0.0,0.0,0.0,0.0,0.0,159.48,25.52,0.0,185.0,0.0,0.0,0.0,0.0,,,,,,,,,MB006
Panem - Credi Club,2026-01-02,viernes,2026-01-02 08:28:25.293000,2026-01-02 08:27:43.310000,1,12210,1,Restaurant,'-,1,1,PRUEBAS,SERVER1,SERVER1,Venta,SHOT ESPRESSO EXTRA,,Alimentos,EXTRAS,SHOT ESPRESSO EXTRA,False,1.0,15.0,15.0,0.0,0.0,0.0,0.0,159.48,25.52,0.0,185.0,12.931,2.069,0.0,15.0,,,,,,,,,EX016
Panem - Credi Club,2026-01-02,viernes,2026-01-02 08:39:52.650000,2026-01-02 08:39:31.213000,1,12211,2,Restaurant,'-,1,1,PRUEBAS,SERVER1,SERVER1,Venta,ESPRESSO AMERICANO.,,Alimentos,CAFE Y BEBIDAS CALIENTES,"ESPRESSO AMERICANO.,** PLLEVAR **",False,1.0,55.0,55.0,0.0,0.0,0.0,0.0,47.41,7.59,0.0,55.0,47.4138,7.5862,0.0,55.0,,,,,,,,,BC001
Panem - Credi Club,2026-01-02,viernes,2026-01-02 08:47:33.817000,2026-01-02 08:46:51.230000,1,12212,3,Restaurant,'-,1,1,PRUEBAS,SERVER1,SERVER1,Venta,BAGUETTE PETITE,,Alimentos,PAN SALADO,BAGUETTE PETITE,False,1.0,16.0,16.0,0.0,0.0,0.0,0.0,93.59,12.41,0.0,106.0,16.0,0.0,0.0,16.0,,,,,,,,,PS005
Panem - Credi Club,2026-01-02,viernes,2026-01-02 08:47:33.817000,2026-01-02 08:46:55.137000,1,12212,3,Restaurant,'-,1,1,PRUEBAS,SERVER1,SERVER1,Venta,CAPPUCCINO 16OZ,,Alimentos,CAFE Y BEBIDAS CALIENTES,"CAPPUCCINO 16OZ, LECHE DESLACTOSADA LIGHT",False,1.0,90.0,90.0,0.0,0.0,0.0,0.0,93.59,12.41,0.0,106.0,77.5862,12.4138,0.0,90.0,,,,,,,,,CBC003
Panem - Credi Club,2026-01-02,viernes,2026-01-02 08:47:33.817000,2026-01-02 08:47:02.230000,1,12212,3,Restaurant,'-,1,1,PRUEBAS,SERVER1,SERVER1,Venta,CAPPUCCINO 16OZ,LECHE DESLACTOSADA LIGHT,Alimentos,MOD BEBIDAS,LECHE DESLACTOSADA LIGHT,True,1.0,0.0,0.0,0.0,0.0,0.0,0.0,93.59,12.41,0.0,106.0,0.0,0.0,0.0,0.0,,,,,,,,,MB006
Panem - Credi Club,2026-01-02,viernes,2026-01-02 09:18:31.600000,2026-01-02 09:14:29.687000,1,12213,4,Para llevar,'-,,1,PRUEBAS,SERVER1,SERVER1,Venta,REBANADA CHEESECAKE TORTUGA,,Alimentos,REPOSTERIA,REBANADA CHEESECAKE TORTUGA,False,1.0,115.0,115.0,0.0,0.0,0.0,0.0,370.85,28.97,15.18,415.0,106.4815,0.0,8.5185,115.0,,,,,,,,,RE001
Panem - Credi Club,2026-01-02,viernes,2026-01-02 09:18:31.600000,2026-01-02 09:14:45.077000,1,12213,4,Para llevar,'-,,1,PRUEBAS,SERVER1,SERVER1,Venta,CAFE REFILL,,Alimentos,CAFE Y BEBIDAS CALIENTES,"CAFE REFILL, REGULAR",False,1.0,55.0,55.0,0.0,0.0,0.0,0.0,370.85,28.97,15.18,415.0,47.4138,7.5862,0.0,55.0,,,,,,,,,CBC001
Panem - Credi Club,2026-01-02,viernes,2026-01-02 09:18:31.600000,2026-01-02 09:14:48.263000,1,12213,4,Para llevar,'-,,1,PRUEBAS,SERVER1,SERVER1,Venta,CAFE REFILL,REGULAR,Alimentos,MOD BEBIDAS,REGULAR,True,1.0,0.0,0.0,0.0,0.0,0.0,0.0,370.85,28.97,15.18,415.0,0.0,0.0,0.0,0.0,,,,,,,,,MB002
Panem - Credi Club,2026-01-02,viernes,2026-01-02 09:18:31.600000,2026-01-02 09:14:49.640000,1,12213,4,Para llevar,'-,,1,PRUEBAS,SERVER1,SERVER1,Venta,CAFE REFILL,,Alimentos,CAFE Y BEBIDAS CALIENTES,"CAFE REFILL, REGULAR",False,1.0,55.0,55.0,0.0,0.0,0.0,0.0,370.85,28.97,15.18,415.0,47.4138,7.5862,0.0,55.0,,,,,,,,,CBC001
Panem - Credi Club,2026-01-02,viernes,2026-01-02 09:18:31.600000,2026-01-02 09:14:50.360000,1,12213,4,Para llevar,'-,,1,PRUEBAS,SERVER1,SERVER1,Venta,CAFE REFILL,REGULAR,Alimentos,MOD BEBIDAS,REGULAR,True,1.0,0.0,0.0,0.0,0.0,0.0,0.0,370.85,28.97,15.18,415.0,0.0,0.0,0.0,0.0,,,,,,,,,MB002
Panem - Credi Club,2026-01-02,viernes,2026-01-02 09:18:31.600000,2026-01-02 09:14:55.263000,1,12213,4,Para llevar,'-,,1,PRUEBAS,SERVER1,SERVER1,Venta,CAPPUCCINO 16OZ,,Alimentos,CAFE Y BEBIDAS CALIENTES,"CAPPUCCINO 16OZ, LECHE DESLACTOSADA LIGHT, VAINILLA SUGAR FREE",False,1.0,90.0,100.0,0.0,0.0,0.0,0.0,370.85,28.97,15.18,415.0,86.2069,13.7931,0.0,100.0,,,,,,,,,CBC003
Panem - Credi Club,2026-01-02,viernes,2026-01-02 09:18:31.600000,2026-01-02 09:14:58.233000,1,12213,4,Para llevar,'-,,1,PRUEBAS,SERVER1,SERVER1,Venta,CAPPUCCINO 16OZ,LECHE DESLACTOSADA LIGHT,Alimentos,MOD BEBIDAS,LECHE DESLACTOSADA LIGHT,True,1.0,0.0,0.0,0.0,0.0,0.0,0.0,370.85,28.97,15.18,415.0,0.0,0.0,0.0,0.0,,,,,,,,,MB006
Panem - Credi Club,2026-01-02,viernes,2026-01-02 09:18:31.600000,2026-01-02 09:15:14.247000,1,12213,4,Para llevar,'-,,1,PRUEBAS,SERVER1,SERVER1,Venta,CAPPUCCINO 16OZ,VAINILLA SUGAR FREE,Alimentos,MOD BEBIDAS,VAINILLA SUGAR FREE,True,1.0,10.0,0.0,0.0,0.0,0.0,0.0,370.85,28.97,15.18,415.0,8.6207,1.3793,0.0,10.0,,,,,,,,,MB026
Panem - Credi Club,2026-01-02,viernes,2026-01-02 09:18:31.600000,2026-01-02 09:17:03.977000,1,12213,4,Para llevar,'-,,1,PRUEBAS,SERVER1,SERVER1,Venta,TARTALETA DE MANZANA,,Alimentos,REPOSTERIA,TARTALETA DE MANZANA,False,1.0,90.0,90.0,0.0,0.0,0.0,0.0,370.85,28.97,15.18,415.0,83.3333,0.0,6.6667,90.0,,,,,,,,,RE009
Panem - Credi Club,2026-01-02,viernes,2026-01-02 10:09:29.490000,2026-01-02 10:09:17.810000,1,12214,5,Restaurant,'-,1,1,PRUEBAS,SERVER1,SERVER1,Venta,CHAI LATTE 16OZ,,Alimentos,CAFE Y BEBIDAS CALIENTES,"CHAI LATTE 16OZ, LECHE DESLACTOSADA LIGHT",False,1.0,109.0,109.0,0.0,0.0,0.0,0.0,93.97,15.03,0.0,109.0,93.9655,15.0345,0.0,109.0,,,,,,,,,CBC015
Panem - Credi Club,2026-01-02,viernes,2026-01-02 10:09:29.490000,2026-01-02 10:09:19.560000,1,12214,5,Restaurant,'-,1,1,PRUEBAS,SERVER1,SERVER1,Venta,CHAI LATTE 16OZ,LECHE DESLACTOSADA LIGHT,Alimentos,MOD BEBIDAS,LECHE DESLACTOSADA LIGHT,True,1.0,0.0,0.0,0.0,0.0,0.0,0.0,93.97,15.03,0.0,109.0,0.0,0.0,0.0,0.0,,,,,,,,,MB006
Panem - Credi Club,2026-01-02,viernes,2026-01-02 10:12:02.793000,2026-01-02 10:11:17.773000,1,12215,6,Restaurant,'-,1,1,PRUEBAS,SERVER1,SERVER1,Cortesía de platillo,MOCHA 16OZ,,Alimentos,CAFE Y BEBIDAS CALIENTES,BEBIDA SEMANAL VALERIA 292,False,1.0,90.0,90.0,0.0,0.0,0.0,0.0,0.0,0.0,0.0,0.0,0.0,0.0,0.0,0.0,77.59,12.41,0.0,90.0,,,,,CBC007
Panem - Credi Club,2026-01-02,viernes,2026-01-02 10:12:02.793000,2026-01-02 10:11:17.773000,1,12215,6,Restaurant,'-,1,1,PRUEBAS,SERVER1,SERVER1,Venta,MOCHA 16OZ,,Alimentos,CAFE Y BEBIDAS CALIENTES,"MOCHA 16OZ, LECHE DESLACTOSADA LIGHT, Cortesia",False,1.0,90.0,90.0,0.0,0.0,0.0,0.0,0.0,0.0,0.0,0.0,0.0,0.0,0.0,0.0,,,,,,,,,CBC007
Panem - Credi Club,2026-01-02,viernes,2026-01-02 10:12:02.793000,2026-01-02 10:11:31.680000,1,12215,6,Restaurant,'-,1,1,PRUEBAS,SERVER1,SERVER1,Venta,MOCHA 16OZ,LECHE DESLACTOSADA LIGHT,Alimentos,MOD BEBIDAS,LECHE DESLACTOSADA LIGHT,True,1.0,0.0,0.0,0.0,0.0,0.0,0.0,0.0,0.0,0.0,0.0,0.0,0.0,0.0,0.0,,,,,,,,,MB006
Panem - Credi Club,2026-01-02,viernes,2026-01-02 10:13:21.463000,2026-01-02 10:12:34.503000,1,12216,7,Restaurant,'-,1,1,PRUEBAS,SERVER1,SERVER1,Venta,CONCHA CHOCOLATE,,Alimentos,PAN DULCE,"CONCHA CHOCOLATE, $5.20 OFF",False,1.0,20.8,20.8,0.0,0.0,0.0,0.0,19.26,0.0,1.54,20.8,19.2593,0.0,1.5407,20.8,,,,,,,,,PD020
Panem - Credi Club,2026-01-02,viernes,2026-01-02 10:20:35.150000,2026-01-02 10:18:18.300000,1,12217,8,Restaurant,'-,1,1,PRUEBAS,SERVER1,SERVER1,Venta,BAGUETTE CAPRESE,,Alimentos,COMIDAS,"BAGUETTE CAPRESE, $31.00 OFF",False,1.0,124.0,124.0,0.0,0.0,0.0,0.0,134.48,21.52,0.0,156.0,106.8966,17.1034,0.0,124.0,,,,,,,,,CO001
Panem - Credi Club,2026-01-02,viernes,2026-01-02 10:20:35.150000,2026-01-02 10:18:43.317000,1,12217,8,Restaurant,'-,1,1,PRUEBAS,SERVER1,SERVER1,Venta,POLLO,,Alimentos,EXTRAS,"POLLO, $8.00 OFF",False,1.0,32.0,32.0,0.0,0.0,0.0,0.0,134.48,21.52,0.0,156.0,27.5862,4.4138,0.0,32.0,,,,,,,,,EX013
Panem - Credi Club,2026-01-02,viernes,2026-01-02 10:22:58.117000,2026-01-02 10:22:11.970000,1,12218,9,Restaurant,'-,1,1,PRUEBAS,SERVER1,SERVER1,Venta,MATCHA LATTE 16OZ,,Alimentos,CAFE Y BEBIDAS CALIENTES,"MATCHA LATTE 16OZ, LECHE DESLACTOSADA LIGHT",False,1.0,99.0,99.0,0.0,0.0,0.0,0.0,156.64,13.66,5.7,176.0,85.3448,13.6552,0.0,99.0,,,,,,,,,CBC016
Panem - Credi Club,2026-01-02,viernes,2026-01-02 10:22:58.117000,2026-01-02 10:22:25.157000,1,12218,9,Restaurant,'-,1,1,PRUEBAS,SERVER1,SERVER1,Venta,MATCHA LATTE 16OZ,LECHE DESLACTOSADA LIGHT,Alimentos,MOD BEBIDAS,LECHE DESLACTOSADA LIGHT,True,1.0,0.0,0.0,0.0,0.0,0.0,0.0,156.64,13.66,5.7,176.0,0.0,0.0,0.0,0.0,,,,,,,,,MB006
Panem - Credi Club,2026-01-02,viernes,2026-01-02 10:22:58.117000,2026-01-02 10:22:30.610000,1,12218,9,Restaurant,'-,1,1,PRUEBAS,SERVER1,SERVER1,Venta,ROL DE CANELA,,Alimentos,PAN DULCE,ROL DE CANELA,False,1.0,77.0,77.0,0.0,0.0,0.0,0.0,156.64,13.66,5.7,176.0,71.2963,0.0,5.7037,77.0,,,,,,,,,PD006
Panem - Credi Club,2026-01-02,viernes,2026-01-02 11:03:44.397000,2026-01-02 11:03:33.570000,1,12219,10,Restaurant,'-,1,1,PRUEBAS,SERVER1,SERVER1,Venta,AGUA NATURA ST,,Alimentos,JUGOS Y BEBIDAS FRIAS,AGUA NATURA ST,False,1.0,45.0,45.0,0.0,0.0,0.0,0.0,45.0,0.0,0.0,45.0,45.0,0.0,0.0,45.0,,,,,,,,,JBF014
Panem - Credi Club,2026-01-02,viernes,2026-01-02 11:31:10.457000,2026-01-02 11:28:44.343000,1,12220,11,Restaurant,'-,1,1,PRUEBAS,SERVER1,SERVER1,Venta,PAIN AU CHOCOLAT,,Alimentos,PAN DULCE,PAIN AU CHOCOLAT,False,1.0,77.0,77.0,0.0,0.0,0.0,0.0,71.3,0.0,5.7,77.0,71.2963,0.0,5.7037,77.0,,,,,,,,,PD005
Panem - Credi Club,2026-01-02,viernes,2026-01-02 11:47:27.500000,2026-01-02 11:32:21.973000,1,12223,12,Para llevar,'-,,1,PRUEBAS,SERVER1,SERVER1,Venta,CHILAQUILES PANEM RAPPI,,Rappi,RAPPI DESAYUNOS,"CHILAQUILES PANEM RAPPI, SALSA VERDE, HUEVO CHILAQUIL RAPPI",False,1.0,257.0,257.0,0.0,0.0,0.0,0.0,308.62,49.38,0.0,358.0,221.5517,35.4483,0.0,257.0,,,,,,,,,RD005
Panem - Credi Club,2026-01-02,viernes,2026-01-02 11:47:27.500000,2026-01-02 11:32:23.003000,1,12223,12,Para llevar,'-,,1,PRUEBAS,SERVER1,SERVER1,Venta,CHILAQUILES PANEM RAPPI,SALSA VERDE,Alimentos,MOD ALIMENTOS,SALSA VERDE,True,1.0,0.0,0.0,0.0,0.0,0.0,0.0,308.62,49.38,0.0,358.0,0.0,0.0,0.0,0.0,,,,,,,,,MA002
Panem - Credi Club,2026-01-02,viernes,2026-01-02 11:47:27.500000,2026-01-02 11:32:24.050000,1,12223,12,Para llevar,'-,,1,PRUEBAS,SERVER1,SERVER1,Venta,CHILAQUILES PANEM RAPPI,HUEVO CHILAQUIL RAPPI,Rappi,RAPPI DESAYUNOS,HUEVO CHILAQUIL RAPPI,True,1.0,0.0,0.0,0.0,0.0,0.0,0.0,308.62,49.38,0.0,358.0,0.0,0.0,0.0,0.0,,,,,,,,,HCR24
Panem - Credi Club,2026-01-02,viernes,2026-01-02 11:47:27.500000,2026-01-02 11:32:34.753000,1,12223,12,Para llevar,'-,,1,PRUEBAS,SERVER1,SERVER1,Venta,LATTE 16OZ RAPPI,,Rappi,RAPPI CAFE Y BEBIDAS CALIENTES,"LATTE 16OZ RAPPI, LECHE DESLACTOSADA LIGHT",False,1.0,101.0,101.0,0.0,0.0,0.0,0.0,308.62,49.38,0.0,358.0,87.069,13.931,0.0,101.0,,,,,,,,,RCBC005
Panem - Credi Club,2026-01-02,viernes,2026-01-02 11:47:27.500000,2026-01-02 11:32:36.207000,1,12223,12,Para llevar,'-,,1,PRUEBAS,SERVER1,SERVER1,Venta,LATTE 16OZ RAPPI,LECHE DESLACTOSADA LIGHT,Alimentos,MOD BEBIDAS,LECHE DESLACTOSADA LIGHT,True,1.0,0.0,0.0,0.0,0.0,0.0,0.0,308.62,49.38,0.0,358.0,0.0,0.0,0.0,0.0,,,,,,,,,MB006
Panem - Credi Club,2026-01-02,viernes,2026-01-02 11:35:08.177000,2026-01-02 11:33:51.677000,1,12221,13,Restaurant,'-,1,1,PRUEBAS,SERVER1,SERVER1,Venta,PAIN AU CHOCOLAT,,Alimentos,PAN DULCE,PAIN AU CHOCOLAT,False,1.0,77.0,77.0,0.0,0.0,0.0,0.0,369.06,24.83,17.11,411.0,71.2963,0.0,5.7037,77.0,,,,,,,,,PD005
Panem - Credi Club,2026-01-02,viernes,2026-01-02 11:35:08.177000,2026-01-02 11:33:53.647000,1,12221,13,Restaurant,'-,1,1,PRUEBAS,SERVER1,SERVER1,Venta,ROL DE CANELA,,Alimentos,PAN DULCE,ROL DE CANELA,False,1.0,77.0,77.0,0.0,0.0,0.0,0.0,369.06,24.83,17.11,411.0,71.2963,0.0,5.7037,77.0,,,,,,,,,PD006
Panem - Credi Club,2026-01-02,viernes,2026-01-02 11:35:08.177000,2026-01-02 11:33:54.443000,1,12221,13,Restaurant,'-,1,1,PRUEBAS,SERVER1,SERVER1,Venta,ROL DE CANELA,,Alimentos,PAN DULCE,ROL DE CANELA,False,1.0,77.0,77.0,0.0,0.0,0.0,0.0,369.06,24.83,17.11,411.0,71.2963,0.0,5.7037,77.0,,,,,,,,,PD006
Panem - Credi Club,2026-01-02,viernes,2026-01-02 11:35:08.177000,2026-01-02 11:34:01.270000,1,12221,13,Restaurant,'-,1,1,PRUEBAS,SERVER1,SERVER1,Venta,CAPUCCINO EN LAS ROCAS,,Alimentos,JUGOS Y BEBIDAS FRIAS,"CAPUCCINO EN LAS ROCAS, LECHE DESLACTOSADA LIGHT, VAINILLA SUGAR FREE",False,1.0,85.0,95.0,0.0,0.0,0.0,0.0,369.06,24.83,17.11,411.0,81.8966,13.1034,0.0,95.0,,,,,,,,,JBF021
Panem - Credi Club,2026-01-02,viernes,2026-01-02 11:35:08.177000,2026-01-02 11:34:05.647000,1,12221,13,Restaurant,'-,1,1,PRUEBAS,SERVER1,SERVER1,Venta,CAPUCCINO EN LAS ROCAS,LECHE DESLACTOSADA LIGHT,Alimentos,MOD BEBIDAS,LECHE DESLACTOSADA LIGHT,True,1.0,0.0,0.0,0.0,0.0,0.0,0.0,369.06,24.83,17.11,411.0,0.0,0.0,0.0,0.0,,,,,,,,,MB006
Panem - Credi Club,2026-01-02,viernes,2026-01-02 11:35:08.177000,2026-01-02 11:34:10.847000,1,12221,13,Restaurant,'-,1,1,PRUEBAS,SERVER1,SERVER1,Venta,CAPUCCINO EN LAS ROCAS,VAINILLA SUGAR FREE,Alimentos,MOD BEBIDAS,VAINILLA SUGAR FREE,True,1.0,10.0,0.0,0.0,0.0,0.0,0.0,369.06,24.83,17.11,411.0,8.6207,1.3793,0.0,10.0,,,,,,,,,MB026
Panem - Credi Club,2026-01-02,viernes,2026-01-02 11:35:08.177000,2026-01-02 11:34:19.677000,1,12221,13,Restaurant,'-,1,1,PRUEBAS,SERVER1,SERVER1,Venta,LATTE EN LAS ROCAS,,Alimentos,JUGOS Y BEBIDAS FRIAS,"LATTE EN LAS ROCAS, LECHE DESLACTOSADA LIGHT",False,1.0,85.0,85.0,0.0,0.0,0.0,0.0,369.06,24.83,17.11,411.0,73.2759,11.7241,0.0,85.0,,,,,,,,,JBF019
Panem - Credi Club,2026-01-02,viernes,2026-01-02 11:35:08.177000,2026-01-02 11:34:22.177000,1,12221,13,Restaurant,'-,1,1,PRUEBAS,SERVER1,SERVER1,Venta,LATTE EN LAS ROCAS,LECHE DESLACTOSADA LIGHT,Alimentos,MOD BEBIDAS,LECHE DESLACTOSADA LIGHT,True,1.0,0.0,0.0,0.0,0.0,0.0,0.0,369.06,24.83,17.11,411.0,0.0,0.0,0.0,0.0,,,,,,,,,MB006
Panem - Credi Club,2026-01-02,viernes,2026-01-02 11:37:51.237000,2026-01-02 11:37:36.447000,1,12222,14,Restaurant,'-,1,1,PRUEBAS,SERVER1,SERVER1,Venta,CAFE REFILL,,Alimentos,CAFE Y BEBIDAS CALIENTES,"CAFE REFILL, REGULAR",False,1.0,55.0,55.0,0.0,0.0,0.0,0.0,47.41,7.59,0.0,55.0,47.4138,7.5862,0.0,55.0,,,,,,,,,CBC001
Panem - Credi Club,2026-01-02,viernes,2026-01-02 11:37:51.237000,2026-01-02 11:37:37.383000,1,12222,14,Restaurant,'-,1,1,PRUEBAS,SERVER1,SERVER1,Venta,CAFE REFILL,REGULAR,Alimentos,MOD BEBIDAS,REGULAR,True,1.0,0.0,0.0,0.0,0.0,0.0,0.0,47.41,7.59,0.0,55.0,0.0,0.0,0.0,0.0,,,,,,,,,MB002
Panem - Credi Club,2026-01-02,viernes,2026-01-02 12:06:46.853000,2026-01-02 12:06:09.793000,1,12224,15,Restaurant,'-,1,1,PRUEBAS,SERVER1,SERVER1,Venta,OMELETTE DE JAMÓN,,Alimentos,DESAYUNOS,OMELETTE DE JAMÓN,False,1.0,180.0,180.0,0.0,0.0,0.0,0.0,202.59,32.41,0.0,235.0,155.1724,24.8276,0.0,180.0,,,,,,,,,DE008
Panem - Credi Club,2026-01-02,viernes,2026-01-02 12:06:46.853000,2026-01-02 12:06:33.027000,1,12224,15,Restaurant,'-,1,1,PRUEBAS,SERVER1,SERVER1,Venta,JUGO VERDE,,Alimentos,JUGOS Y BEBIDAS FRIAS,JUGO VERDE,False,1.0,55.0,55.0,0.0,0.0,0.0,0.0,202.59,32.41,0.0,235.0,47.4138,7.5862,0.0,55.0,,,,,,,,,JBF008
Panem - Credi Club,2026-01-02,viernes,2026-01-02 12:19:43.930000,2026-01-02 12:19:04.233000,1,12225,16,Para llevar,'-,,1,PRUEBAS,SERVER1,SERVER1,Venta,CONCHA UBER,,Uber,UBER PAN DULCE,"CONCHA UBER, CHOCOLATE, VAINILLA",False,2.0,35.0,35.0,0.0,0.0,0.0,0.0,64.81,0.0,5.19,70.0,64.8148,0.0,5.1852,70.0,,,,,,,,,UDP001
Panem - Credi Club,2026-01-02,viernes,2026-01-02 12:19:43.930000,2026-01-02 12:19:07.313000,1,12225,16,Para llevar,'-,,1,PRUEBAS,SERVER1,SERVER1,Venta,CONCHA UBER,CHOCOLATE,Alimentos,MOD ALIMENTOS,CHOCOLATE,True,2.0,0.0,0.0,0.0,0.0,0.0,0.0,64.81,0.0,5.19,70.0,0.0,0.0,0.0,0.0,,,,,,,,,MA008
Panem - Credi Club,2026-01-02,viernes,2026-01-02 12:19:43.930000,2026-01-02 12:19:09.687000,1,12225,16,Para llevar,'-,,1,PRUEBAS,SERVER1,SERVER1,Venta,CONCHA UBER,VAINILLA,Alimentos,MOD BEBIDAS,VAINILLA,True,2.0,0.0,0.0,0.0,0.0,0.0,0.0,64.81,0.0,5.19,70.0,0.0,0.0,0.0,0.0,,,,,,,,,MA007
Panem - Credi Club,2026-01-02,viernes,2026-01-02 12:46:54.047000,2026-01-02 12:46:28.273000,1,12226,17,Restaurant,'-,1,1,PRUEBAS,SERVER1,SERVER1,Venta,CAFE REFILL,,Alimentos,CAFE Y BEBIDAS CALIENTES,"CAFE REFILL, REGULAR",False,1.0,55.0,55.0,0.0,0.0,0.0,0.0,47.41,7.59,0.0,55.0,47.4138,7.5862,0.0,55.0,,,,,,,,,CBC001
Panem - Credi Club,2026-01-02,viernes,2026-01-02 12:46:54.047000,2026-01-02 12:46:29.210000,1,12226,17,Restaurant,'-,1,1,PRUEBAS,SERVER1,SERVER1,Venta,CAFE REFILL,REGULAR,Alimentos,MOD BEBIDAS,REGULAR,True,1.0,0.0,0.0,0.0,0.0,0.0,0.0,47.41,7.59,0.0,55.0,0.0,0.0,0.0,0.0,,,,,,,,,MB002
Panem - Credi Club,2026-01-02,viernes,2026-01-02 13:59:10.817000,2026-01-02 13:58:35.477000,1,12227,18,Restaurant,'-,1,1,PRUEBAS,SERVER1,SERVER1,Venta,CONCHA VAINILLA,,Alimentos,PAN DULCE,CONCHA VAINILLA,False,1.0,26.0,26.0,0.0,0.0,0.0,0.0,48.15,0.0,3.85,52.0,24.0741,0.0,1.9259,26.0,,,,,,,,,PD001
Panem - Credi Club,2026-01-02,viernes,2026-01-02 13:59:10.817000,2026-01-02 13:58:37.257000,1,12227,18,Restaurant,'-,1,1,PRUEBAS,SERVER1,SERVER1,Venta,CONCHA VAINILLA,,Alimentos,PAN DULCE,CONCHA VAINILLA,False,1.0,26.0,26.0,0.0,0.0,0.0,0.0,48.15,0.0,3.85,52.0,24.0741,0.0,1.9259,26.0,,,,,,,,,PD001
Panem - Credi Club,2026-01-02,viernes,2026-01-02 14:04:25.573000,2026-01-02 14:03:18.853000,1,12228,19,Para llevar,'-,,1,PRUEBAS,SERVER1,SERVER1,Venta,ENCHILADAS SUIZAS UBER,,Uber,UBER DESAYUNOS,ENCHILADAS SUIZAS UBER,False,1.0,257.0,257.0,0.0,0.0,0.0,0.0,221.55,35.45,0.0,257.0,221.5517,35.4483,0.0,257.0,,,,,,,,,UD006
Panem - Credi Club,2026-01-02,viernes,2026-01-02 15:22:09.733000,2026-01-02 15:21:28.553000,1,12229,20,Restaurant,'-,1,1,PRUEBAS,SERVER1,SERVER1,Venta,LATTE EN LAS ROCAS,,Alimentos,JUGOS Y BEBIDAS FRIAS,"LATTE EN LAS ROCAS, LECHE DE ALMENDRA",False,1.0,85.0,95.0,0.0,0.0,0.0,0.0,81.9,13.1,0.0,95.0,81.8966,13.1034,0.0,95.0,,,,,,,,,JBF019
Panem - Credi Club,2026-01-02,viernes,2026-01-02 15:22:09.733000,2026-01-02 15:21:35.960000,1,12229,20,Restaurant,'-,1,1,PRUEBAS,SERVER1,SERVER1,Venta,LATTE EN LAS ROCAS,LECHE DE ALMENDRA,Alimentos,MOD BEBIDAS,LECHE DE ALMENDRA,True,1.0,10.0,0.0,0.0,0.0,0.0,0.0,81.9,13.1,0.0,95.0,8.6207,1.3793,0.0,10.0,,,,,,,,,MB003
Panem - Credi Club,2026-01-02,viernes,2026-01-02 15:50:22.937000,2026-01-02 15:49:43.953000,1,12230,21,Restaurant,'-,1,1,PRUEBAS,SERVER1,SERVER1,Venta,MOCHA 16OZ,,Alimentos,CAFE Y BEBIDAS CALIENTES,"MOCHA 16OZ, LECHE DESLACTOSADA LIGHT",False,1.0,90.0,90.0,0.0,0.0,0.0,0.0,122.59,12.41,0.0,135.0,77.5862,12.4138,0.0,90.0,,,,,,,,,CBC007
Panem - Credi Club,2026-01-02,viernes,2026-01-02 15:50:22.937000,2026-01-02 15:49:48.110000,1,12230,21,Restaurant,'-,1,1,PRUEBAS,SERVER1,SERVER1,Venta,MOCHA 16OZ,LECHE DESLACTOSADA LIGHT,Alimentos,MOD BEBIDAS,LECHE DESLACTOSADA LIGHT,True,1.0,0.0,0.0,0.0,0.0,0.0,0.0,122.59,12.41,0.0,135.0,0.0,0.0,0.0,0.0,,,,,,,,,MB006
Panem - Credi Club,2026-01-02,viernes,2026-01-02 15:50:22.937000,2026-01-02 15:49:53.937000,1,12230,21,Restaurant,'-,1,1,PRUEBAS,SERVER1,SERVER1,Venta,AGUA NATURA ST,,Alimentos,JUGOS Y BEBIDAS FRIAS,AGUA NATURA ST,False,1.0,45.0,45.0,0.0,0.0,0.0,0.0,122.59,12.41,0.0,135.0,45.0,0.0,0.0,45.0,,,,,,,,,JBF014
Panem - Credi Club,2026-01-02,viernes,2026-01-02 16:09:51.977000,2026-01-02 16:08:22.910000,1,12231,22,Restaurant,'-,1,1,PRUEBAS,SERVER1,SERVER1,Venta,MATCHA EN LAS ROCAS,,Alimentos,JUGOS Y BEBIDAS FRIAS,"MATCHA EN LAS ROCAS, LECHE DE ALMENDRA",False,1.0,85.0,95.0,0.0,0.0,0.0,0.0,238.51,24.83,6.66,270.0,81.8966,13.1034,0.0,95.0,,,,,,,,,JBF028
Panem - Credi Club,2026-01-02,viernes,2026-01-02 16:09:51.977000,2026-01-02 16:08:26.380000,1,12231,22,Restaurant,'-,1,1,PRUEBAS,SERVER1,SERVER1,Venta,MATCHA EN LAS ROCAS,LECHE DE ALMENDRA,Alimentos,MOD BEBIDAS,LECHE DE ALMENDRA,True,1.0,10.0,0.0,0.0,0.0,0.0,0.0,238.51,24.83,6.66,270.0,8.6207,1.3793,0.0,10.0,,,,,,,,,MB003
Panem - Credi Club,2026-01-02,viernes,2026-01-02 16:09:51.977000,2026-01-02 16:08:30.473000,1,12231,22,Restaurant,'-,1,1,PRUEBAS,SERVER1,SERVER1,Venta,LATTE EN LAS ROCAS,,Alimentos,JUGOS Y BEBIDAS FRIAS,"LATTE EN LAS ROCAS, LECHE DESLACTOSADA LIGHT",False,1.0,85.0,85.0,0.0,0.0,0.0,0.0,238.51,24.83,6.66,270.0,73.2759,11.7241,0.0,85.0,,,,,,,,,JBF019
Panem - Credi Club,2026-01-02,viernes,2026-01-02 16:09:51.977000,2026-01-02 16:08:34.550000,1,12231,22,Restaurant,'-,1,1,PRUEBAS,SERVER1,SERVER1,Venta,LATTE EN LAS ROCAS,LECHE DESLACTOSADA LIGHT,Alimentos,MOD BEBIDAS,LECHE DESLACTOSADA LIGHT,True,1.0,0.0,0.0,0.0,0.0,0.0,0.0,238.51,24.83,6.66,270.0,0.0,0.0,0.0,0.0,,,,,,,,,MB006
Panem - Credi Club,2026-01-02,viernes,2026-01-02 16:09:51.977000,2026-01-02 16:09:29.983000,1,12231,22,Restaurant,'-,1,1,PRUEBAS,SERVER1,SERVER1,Venta,TARTALETA DE NUEZ,,Alimentos,REPOSTERIA,TARTALETA DE NUEZ,False,1.0,90.0,90.0,0.0,0.0,0.0,0.0,238.51,24.83,6.66,270.0,83.3333,0.0,6.6667,90.0,,,,,,,,,RE006
Panem - Credi Club,2026-01-03,sábado,2026-01-03 08:11:42.600000,2026-01-03 08:06:16.793000,1,12232,1,Para llevar,'-,,1,PRUEBAS,SERVER1,SERVER1,Venta,CONCHA VAINILLA,,Alimentos,PAN DULCE,"CONCHA VAINILLA, $13.00 OFF",False,1.0,13.0,13.0,0.0,0.0,0.0,0.0,71.49,7.59,1.92,81.0,12.037,0.0,0.963,13.0,,,,,,,,,PD001
Panem - Credi Club,2026-01-03,sábado,2026-01-03 08:11:42.600000,2026-01-03 08:06:18.060000,1,12232,1,Para llevar,'-,,1,PRUEBAS,SERVER1,SERVER1,Venta,CONCHA CHOCOLATE,,Alimentos,PAN DULCE,"CONCHA CHOCOLATE, $13.00 OFF",False,1.0,13.0,13.0,0.0,0.0,0.0,0.0,71.49,7.59,1.92,81.0,12.037,0.0,0.963,13.0,,,,,,,,,PD020
Panem - Credi Club,2026-01-03,sábado,2026-01-03 08:11:42.600000,2026-01-03 08:06:28.433000,1,12232,1,Para llevar,'-,,1,PRUEBAS,SERVER1,SERVER1,Venta,CAFE REFILL,,Alimentos,CAFE Y BEBIDAS CALIENTES,"CAFE REFILL, REGULAR",False,1.0,55.0,55.0,0.0,0.0,0.0,0.0,71.49,7.59,1.92,81.0,47.4138,7.5862,0.0,55.0,,,,,,,,,CBC001
Panem - Credi Club,2026-01-03,sábado,2026-01-03 08:11:42.600000,2026-01-03 08:06:29.590000,1,12232,1,Para llevar,'-,,1,PRUEBAS,SERVER1,SERVER1,Venta,CAFE REFILL,REGULAR,Alimentos,MOD BEBIDAS,REGULAR,True,1.0,0.0,0.0,0.0,0.0,0.0,0.0,71.49,7.59,1.92,81.0,0.0,0.0,0.0,0.0,,,,,,,,,MB002
Panem - Credi Club,2026-01-03,sábado,2026-01-03 08:29:13.987000,2026-01-03 08:28:06.853000,1,12233,2,Para llevar,'-,,1,PRUEBAS,SERVER1,SERVER1,Venta,LATTE 16OZ,,Alimentos,CAFE Y BEBIDAS CALIENTES,"LATTE 16OZ, LECHE ENTERA",False,1.0,90.0,90.0,0.0,0.0,0.0,0.0,114.62,12.41,2.97,130.0,77.5862,12.4138,0.0,90.0,,,,,,,,,CBC005
Panem - Credi Club,2026-01-03,sábado,2026-01-03 08:29:13.987000,2026-01-03 08:28:08.853000,1,12233,2,Para llevar,'-,,1,PRUEBAS,SERVER1,SERVER1,Venta,LATTE 16OZ,LECHE ENTERA,Alimentos,MOD BEBIDAS,LECHE ENTERA,True,1.0,0.0,0.0,0.0,0.0,0.0,0.0,114.62,12.41,2.97,130.0,0.0,0.0,0.0,0.0,,,,,,,,,MB005
Panem - Credi Club,2026-01-03,sábado,2026-01-03 08:29:13.987000,2026-01-03 08:28:32.053000,1,12233,2,Para llevar,'-,,1,PRUEBAS,SERVER1,SERVER1,Venta,GALLETA DE AVENA,,Alimentos,PAN DULCE,GALLETA DE AVENA,False,1.0,40.0,40.0,0.0,0.0,0.0,0.0,114.62,12.41,2.97,130.0,37.037,0.0,2.963,40.0,,,,,,,,,PD011
Panem - Credi Club,2026-01-03,sábado,2026-01-03 08:52:02.177000,2026-01-03 08:51:20.827000,1,12234,3,Para llevar,'-,,1,PRUEBAS,SERVER1,SERVER1,Venta,ESPRESSO AMERICANO.,,Alimentos,CAFE Y BEBIDAS CALIENTES,ESPRESSO AMERICANO.,False,1.0,55.0,55.0,0.0,0.0,0.0,0.0,47.41,7.59,0.0,55.0,47.4138,7.5862,0.0,55.0,,,,,,,,,BC001
Panem - Credi Club,2026-01-03,sábado,2026-01-03 09:34:24.320000,2026-01-03 09:31:32.593000,1,12235,4,Para llevar,'-,,1,PRUEBAS,SERVER1,SERVER1,Venta,OMELETTE DE JAMÓN,,Alimentos,DESAYUNOS,OMELETTE DE JAMÓN,False,1.0,180.0,180.0,0.0,0.0,0.0,0.0,202.59,32.41,0.0,235.0,155.1724,24.8276,0.0,180.0,,,,,,,,,DE008
Panem - Credi Club,2026-01-03,sábado,2026-01-03 09:34:24.320000,2026-01-03 09:33:32.433000,1,12235,4,Para llevar,'-,,1,PRUEBAS,SERVER1,SERVER1,Venta,CAFE REFILL,,Alimentos,CAFE Y BEBIDAS CALIENTES,"CAFE REFILL, REGULAR",False,1.0,55.0,55.0,0.0,0.0,0.0,0.0,202.59,32.41,0.0,235.0,47.4138,7.5862,0.0,55.0,,,,,,,,,CBC001
Panem - Credi Club,2026-01-03,sábado,2026-01-03 09:34:24.320000,2026-01-03 09:33:33.463000,1,12235,4,Para llevar,'-,,1,PRUEBAS,SERVER1,SERVER1,Venta,CAFE REFILL,REGULAR,Alimentos,MOD BEBIDAS,REGULAR,True,1.0,0.0,0.0,0.0,0.0,0.0,0.0,202.59,32.41,0.0,235.0,0.0,0.0,0.0,0.0,,,,,,,,,MB002
Panem - Credi Club,2026-01-03,sábado,2026-01-03 11:24:18.063000,2026-01-03 11:23:40.343000,1,12236,5,Para llevar,'-,,1,PRUEBAS,SERVER1,SERVER1,Venta,SOURDOUGH,,Alimentos,PAN SALADO,SOURDOUGH,False,1.0,110.0,110.0,0.0,0.0,0.0,0.0,220.0,0.0,0.0,220.0,110.0,0.0,0.0,110.0,,,,,,,,,PS004
Panem - Credi Club,2026-01-03,sábado,2026-01-03 11:24:18.063000,2026-01-03 11:23:41.640000,1,12236,5,Para llevar,'-,,1,PRUEBAS,SERVER1,SERVER1,Venta,SOURDOUGH,,Alimentos,PAN SALADO,SOURDOUGH,False,1.0,110.0,110.0,0.0,0.0,0.0,0.0,220.0,0.0,0.0,220.0,110.0,0.0,0.0,110.0,,,,,,,,,PS004
Panem - Credi Club,2026-01-03,sábado,2026-01-03 12:11:49.577000,2026-01-03 12:09:46.080000,1,12237,6,Para llevar,'-,,1,PRUEBAS,SERVER1,SERVER1,Venta,AVOCADO TOAST,,Alimentos,DESAYUNOS,AVOCADO TOAST,False,1.0,185.0,185.0,0.0,0.0,0.0,0.0,202.59,32.41,0.0,235.0,159.4828,25.5172,0.0,185.0,,,,,,,,,DE001
Panem - Credi Club,2026-01-03,sábado,2026-01-03 12:11:49.577000,2026-01-03 12:10:11.690000,1,12237,6,Para llevar,'-,,1,PRUEBAS,SERVER1,SERVER1,Venta,JUGO NARANJA,,Alimentos,JUGOS Y BEBIDAS FRIAS,JUGO NARANJA,False,1.0,50.0,50.0,0.0,0.0,0.0,0.0,202.59,32.41,0.0,235.0,43.1034,6.8966,0.0,50.0,,,,,,,,,JBF010
Panem - Credi Club,2026-01-03,sábado,2026-01-03 12:14:24.393000,2026-01-03 12:13:11.680000,1,12238,7,Para llevar,'-,,1,PRUEBAS,SERVER1,SERVER1,Venta,COCA COLA,,Alimentos,JUGOS Y BEBIDAS FRIAS,"COCA COLA, SIN AZÚCAR",False,1.0,45.0,45.0,0.0,0.0,0.0,0.0,207.76,33.24,0.0,241.0,38.7931,6.2069,0.0,45.0,,,,,,,,,JBF013
Panem - Credi Club,2026-01-03,sábado,2026-01-03 12:14:24.393000,2026-01-03 12:13:13.760000,1,12238,7,Para llevar,'-,,1,PRUEBAS,SERVER1,SERVER1,Venta,COCA COLA,SIN AZÚCAR,Alimentos,MOD BEBIDAS,SIN AZÚCAR,True,1.0,0.0,0.0,0.0,0.0,0.0,0.0,207.76,33.24,0.0,241.0,0.0,0.0,0.0,0.0,,,,,,,,,MB100
Panem - Credi Club,2026-01-03,sábado,2026-01-03 12:14:24.393000,2026-01-03 12:13:33.523000,1,12238,7,Para llevar,'-,,1,PRUEBAS,SERVER1,SERVER1,Venta,CHILAQUILES PANEM,,Alimentos,DESAYUNOS,"CHILAQUILES PANEM, SALSA VERDE",False,1.0,196.0,196.0,0.0,0.0,0.0,0.0,207.76,33.24,0.0,241.0,168.9655,27.0345,0.0,196.0,,,,,,,,,DE005
Panem - Credi Club,2026-01-03,sábado,2026-01-03 12:14:24.393000,2026-01-03 12:13:35.103000,1,12238,7,Para llevar,'-,,1,PRUEBAS,SERVER1,SERVER1,Venta,CHILAQUILES PANEM,SALSA VERDE,Alimentos,MOD ALIMENTOS,SALSA VERDE,True,1.0,0.0,0.0,0.0,0.0,0.0,0.0,207.76,33.24,0.0,241.0,0.0,0.0,0.0,0.0,,,,,,,,,MA002
Panem - Credi Club,2026-01-04,domingo,2026-01-04 08:20:55.473000,2026-01-04 08:19:56.650000,1,12239,1,Para llevar,'-,,1,PRUEBAS,SERVER1,SERVER1,Venta,SANDWICH ENSALADA POLLO UBER,,Uber,UBER COMIDAS,SANDWICH ENSALADA POLLO UBER,False,1.0,256.0,256.0,0.0,0.0,0.0,0.0,220.69,35.31,0.0,256.0,220.6897,35.3103,0.0,256.0,,,,,,,,,UC006
Panem - Credi Club,2026-01-04,domingo,2026-01-04 08:35:41.907000,2026-01-04 08:34:56.883000,1,12240,2,Para llevar,'-,,1,PRUEBAS,SERVER1,SERVER1,Venta,CHILAQUILES PANEM,,Alimentos,DESAYUNOS,"CHILAQUILES PANEM, MIXTOS, POLLO +40",False,1.0,196.0,236.0,0.0,0.0,0.0,0.0,250.86,40.14,0.0,291.0,203.4483,32.5517,0.0,236.0,,,,,,,,,DE005
Panem - Credi Club,2026-01-04,domingo,2026-01-04 08:35:41.907000,2026-01-04 08:34:58.023000,1,12240,2,Para llevar,'-,,1,PRUEBAS,SERVER1,SERVER1,Venta,CHILAQUILES PANEM,MIXTOS,Alimentos,MOD ALIMENTOS,MIXTOS,True,1.0,0.0,0.0,0.0,0.0,0.0,0.0,250.86,40.14,0.0,291.0,0.0,0.0,0.0,0.0,,,,,,,,,MA011
Panem - Credi Club,2026-01-04,domingo,2026-01-04 08:35:41.907000,2026-01-04 08:35:00.523000,1,12240,2,Para llevar,'-,,1,PRUEBAS,SERVER1,SERVER1,Venta,CHILAQUILES PANEM,POLLO +40,Alimentos,MOD ALIMENTOS,POLLO +40,True,1.0,40.0,0.0,0.0,0.0,0.0,0.0,250.86,40.14,0.0,291.0,34.4828,5.5172,0.0,40.0,,,,,,,,,MA004
Panem - Credi Club,2026-01-04,domingo,2026-01-04 08:35:41.907000,2026-01-04 08:35:06.790000,1,12240,2,Para llevar,'-,,1,PRUEBAS,SERVER1,SERVER1,Venta,CAFE OLLA REFILL,,Alimentos,CAFE Y BEBIDAS CALIENTES,CAFE OLLA REFILL,False,1.0,55.0,55.0,0.0,0.0,0.0,0.0,250.86,40.14,0.0,291.0,47.4138,7.5862,0.0,55.0,,,,,,,,,CBC020
Panem - Credi Club,2026-01-04,domingo,2026-01-04 10:08:29.087000,2026-01-04 10:07:02.413000,1,12241,3,Para llevar,'-,,1,PRUEBAS,SERVER1,SERVER1,Venta,CROISSANT DE BERRIES,,Alimentos,PRODUCTOS DE TEMPORADA,"CROISSANT DE BERRIES, $87.00 OFF",False,2.0,43.5,43.5,0.0,0.0,0.0,0.0,75.0,12.0,0.0,87.0,75.0,12.0,0.0,87.0,,,,,,,,,PTCRB
Panem - Credi Club,2026-01-04,domingo,2026-01-04 11:36:58.217000,2026-01-04 11:35:23.150000,1,12242,4,Para llevar,'-,,1,PRUEBAS,SERVER1,SERVER1,Venta,CHILAQUILES PANEM UBER,,Uber,UBER DESAYUNOS,"CHILAQUILES PANEM UBER, MIXTOS, HUEVO CHILA UBER",False,1.0,257.0,257.0,0.0,0.0,0.0,0.0,221.55,35.45,0.0,257.0,221.5517,35.4483,0.0,257.0,,,,,,,,,UD005
Panem - Credi Club,2026-01-04,domingo,2026-01-04 11:36:58.217000,2026-01-04 11:35:32.510000,1,12242,4,Para llevar,'-,,1,PRUEBAS,SERVER1,SERVER1,Venta,CHILAQUILES PANEM UBER,MIXTOS,Alimentos,MOD ALIMENTOS,MIXTOS,True,1.0,0.0,0.0,0.0,0.0,0.0,0.0,221.55,35.45,0.0,257.0,0.0,0.0,0.0,0.0,,,,,,,,,MA011
Panem - Credi Club,2026-01-04,domingo,2026-01-04 11:36:58.217000,2026-01-04 11:35:41.727000,1,12242,4,Para llevar,'-,,1,PRUEBAS,SERVER1,SERVER1,Venta,CHILAQUILES PANEM UBER,HUEVO CHILA UBER,Uber,UBER DESAYUNOS,HUEVO CHILA UBER,True,1.0,0.0,0.0,0.0,0.0,0.0,0.0,221.55,35.45,0.0,257.0,0.0,0.0,0.0,0.0,,,,,,,,,HU
Panem - Credi Club,2026-01-04,domingo,2026-01-04 11:59:53.140000,2026-01-04 11:58:38.697000,1,12243,5,Para llevar,'-,,1,PRUEBAS,SERVER1,SERVER1,Venta,CHILAQUILES PANEM,,Alimentos,DESAYUNOS,"CHILAQUILES PANEM, SALSA VERDE, HUEVO CHILAQUIL INCLUIDO, POLLO +40",False,1.0,196.0,236.0,0.0,0.0,0.0,0.0,242.24,38.76,0.0,281.0,203.4483,32.5517,0.0,236.0,,,,,,,,,DE005
Panem - Credi Club,2026-01-04,domingo,2026-01-04 11:59:53.140000,2026-01-04 11:58:40.997000,1,12243,5,Para llevar,'-,,1,PRUEBAS,SERVER1,SERVER1,Venta,CHILAQUILES PANEM,SALSA VERDE,Alimentos,MOD ALIMENTOS,SALSA VERDE,True,1.0,0.0,0.0,0.0,0.0,0.0,0.0,242.24,38.76,0.0,281.0,0.0,0.0,0.0,0.0,,,,,,,,,MA002
Panem - Credi Club,2026-01-04,domingo,2026-01-04 11:59:53.140000,2026-01-04 11:58:42.510000,1,12243,5,Para llevar,'-,,1,PRUEBAS,SERVER1,SERVER1,Venta,CHILAQUILES PANEM,HUEVO CHILAQUIL INCLUIDO,Alimentos,NATIVA TEMPORALCOMIDA,HUEVO CHILAQUIL INCLUIDO,True,1.0,0.0,0.0,0.0,0.0,0.0,0.0,242.24,38.76,0.0,281.0,0.0,0.0,0.0,0.0,,,,,,,,,HCNT
Panem - Credi Club,2026-01-04,domingo,2026-01-04 11:59:53.140000,2026-01-04 11:58:44.823000,1,12243,5,Para llevar,'-,,1,PRUEBAS,SERVER1,SERVER1,Venta,CHILAQUILES PANEM,POLLO +40,Alimentos,MOD ALIMENTOS,POLLO +40,True,1.0,40.0,0.0,0.0,0.0,0.0,0.0,242.24,38.76,0.0,281.0,34.4828,5.5172,0.0,40.0,,,,,,,,,MA004
Panem - Credi Club,2026-01-04,domingo,2026-01-04 11:59:53.140000,2026-01-04 11:59:15.680000,1,12243,5,Para llevar,'-,,1,PRUEBAS,SERVER1,SERVER1,Venta,COCA COLA,,Alimentos,JUGOS Y BEBIDAS FRIAS,"COCA COLA, SIN AZÚCAR",False,1.0,45.0,45.0,0.0,0.0,0.0,0.0,242.24,38.76,0.0,281.0,38.7931,6.2069,0.0,45.0,,,,,,,,,JBF013
Panem - Credi Club,2026-01-04,domingo,2026-01-04 11:59:53.140000,2026-01-04 11:59:17.400000,1,12243,5,Para llevar,'-,,1,PRUEBAS,SERVER1,SERVER1,Venta,COCA COLA,SIN AZÚCAR,Alimentos,MOD BEBIDAS,SIN AZÚCAR,True,1.0,0.0,0.0,0.0,0.0,0.0,0.0,242.24,38.76,0.0,281.0,0.0,0.0,0.0,0.0,,,,,,,,,MB100
Panem - Credi Club,2026-01-04,domingo,2026-01-04 12:05:53.417000,2026-01-04 12:04:09.393000,1,12244,6,Para llevar,'-,,1,PRUEBAS,SERVER1,SERVER1,Venta,CHAI EN LAS ROCAS,,Alimentos,JUGOS Y BEBIDAS FRIAS,"CHAI EN LAS ROCAS, LECHE DE SOYA",False,1.0,85.0,85.0,0.0,0.0,0.0,0.0,147.35,11.72,5.93,165.0,73.2759,11.7241,0.0,85.0,,,,,,,,,JBF030
Panem - Credi Club,2026-01-04,domingo,2026-01-04 12:05:53.417000,2026-01-04 12:04:21.347000,1,12244,6,Para llevar,'-,,1,PRUEBAS,SERVER1,SERVER1,Venta,CHAI EN LAS ROCAS,LECHE DE SOYA,Alimentos,MOD BEBIDAS,LECHE DE SOYA,True,1.0,0.0,0.0,0.0,0.0,0.0,0.0,147.35,11.72,5.93,165.0,0.0,0.0,0.0,0.0,,,,,,,,,MB004
Panem - Credi Club,2026-01-04,domingo,2026-01-04 12:05:53.417000,2026-01-04 12:04:33.953000,1,12244,6,Para llevar,'-,,1,PRUEBAS,SERVER1,SERVER1,Venta,GALLETA DE AVENA,,Alimentos,PAN DULCE,GALLETA DE AVENA,False,1.0,40.0,40.0,0.0,0.0,0.0,0.0,147.35,11.72,5.93,165.0,37.037,0.0,2.963,40.0,,,,,,,,,PD011
Panem - Credi Club,2026-01-04,domingo,2026-01-04 12:05:53.417000,2026-01-04 12:04:42.580000,1,12244,6,Para llevar,'-,,1,PRUEBAS,SERVER1,SERVER1,Venta,GALLETA DE AVENA,,Alimentos,PAN DULCE,GALLETA DE AVENA,False,1.0,40.0,40.0,0.0,0.0,0.0,0.0,147.35,11.72,5.93,165.0,37.037,0.0,2.963,40.0,,,,,,,,,PD011
Panem - Credi Club,2026-01-04,domingo,2026-01-04 12:34:39.120000,2026-01-04 12:34:19.183000,1,12245,7,Para llevar,'-,,1,PRUEBAS,SERVER1,SERVER1,Venta,JUGO NARANJA,,Alimentos,JUGOS Y BEBIDAS FRIAS,JUGO NARANJA,False,1.0,50.0,50.0,0.0,0.0,0.0,0.0,43.1,6.9,0.0,50.0,43.1034,6.8966,0.0,50.0,,,,,,,,,JBF010
Panem - Credi Club,2026-01-04,domingo,2026-01-04 12:46:08.450000,2026-01-04 12:43:44.583000,1,12246,8,Para llevar,'-,,1,PRUEBAS,SERVER1,SERVER1,Venta,CROISSANT ALMENDRAS,,Alimentos,PAN DULCE,"CROISSANT ALMENDRAS, $38.50 OFF",False,1.0,38.5,38.5,0.0,0.0,0.0,0.0,70.37,0.0,5.63,76.0,35.6481,0.0,2.8519,38.5,,,,,,,,,PD004
Panem - Credi Club,2026-01-04,domingo,2026-01-04 12:46:08.450000,2026-01-04 12:43:48.333000,1,12246,8,Para llevar,'-,,1,PRUEBAS,SERVER1,SERVER1,Venta,GARRA DE OSO,,Alimentos,PAN DULCE,"GARRA DE OSO, $37.50 OFF",False,1.0,37.5,37.5,0.0,0.0,0.0,0.0,70.37,0.0,5.63,76.0,34.7222,0.0,2.7778,37.5,,,,,,,,,PD007
Panem - Credi Club,2026-01-04,domingo,2026-01-04 12:52:37.930000,2026-01-04 12:51:21.457000,1,12247,9,Para llevar,'-,,1,PRUEBAS,SERVER1,SERVER1,Venta,MUFFIN BLUEBERRY,,Alimentos,PAN DULCE,MUFFIN BLUEBERRY,False,1.0,65.0,65.0,0.0,0.0,0.0,0.0,95.83,0.0,7.67,103.5,60.1852,0.0,4.8148,65.0,,,,,,,,,PD014
Panem - Credi Club,2026-01-04,domingo,2026-01-04 12:52:37.930000,2026-01-04 12:51:25.580000,1,12247,9,Para llevar,'-,,1,PRUEBAS,SERVER1,SERVER1,Venta,CROISSANT ALMENDRAS,,Alimentos,PAN DULCE,"CROISSANT ALMENDRAS, $38.50 OFF",False,1.0,38.5,38.5,0.0,0.0,0.0,0.0,95.83,0.0,7.67,103.5,35.6481,0.0,2.8519,38.5,,,,,,,,,PD004
